return_id,order_id,product_id,customer_id,return_date,return_quantity,return_reason,refund_amount,return_status,refund_status,source_updated_at
RET00001,ORD04181,PROD00096,CUST00348,2025-06-19 21:04:39,2,Incorrect Size,29260.65,Approved,Failed,2026-02-15 01:30:49
RET00002,ORD03226,PROD00131,CUST00301,2025-08-07 12:05:08,1,,5672.81,Completed,Processed,2025-09-06 10:11:34
RET00003,ORD07460,PROD00064,CUST00098,2025-05-05 05:51:57,1,Wrong Item,34906.42,Rejected,Pending,2025-05-10 18:12:53
RET00004,ORD09923,PROD00144,CUST00666,2026-08-05 06:05:02,1,Quality Issue,2662.98,Rejected,Pending,2026-08-14 02:31:44
RET00005,ORD02527,PROD00063,CUST00429,2026-09-24 22:54:55,4,,6870.03,Approved,Failed,2026-09-24 23:41:24
RET00006,ORD02286,PROD00100,CUST00288,2026-07-07 16:08:21,2,Damaged,39617.46,Rejected,,2026-08-13 17:04:14
RET00007,ORD04657,PROD00166,CUST00010,2026-05-15 10:20:32,3,Wrong Item,88087.41,Completed,,2026-05-15 22:38:22
RET00008,ORD01654,PROD00194,CUST00799,2025-11-03 22:18:43,3,Changed Mind,31829.13,Completed,Pending,2026-06-25 06:59:54
RET00009,ORD05724,PROD00099,CUST00090,2026-06-11 07:04:48,2,Wrong Item,56357.96,Approved,Processed,2026-07-12 05:12:41
RET00010,ORD01251,PROD00056,CUST00191,2026-07-30 08:55:33,2,Wrong Item,80957.71,Rejected,Failed,2026-08-14 22:27:46
RET00011,ORD02681,PROD00101,CUST00842,2026-02-20 00:21:06,2,Changed Mind,4402.1,Requested,Processed,2026-05-13 07:04:29
RET00012,ORD07733,PROD00038,CUST00820,2026-08-09 02:42:46,1,Damaged,50156.0,Completed,Pending,2026-08-16 07:28:13
RET00013,ORD05715,PROD00169,CUST00302,2025-12-18 18:39:13,1,Incorrect Size,-2118.65,Approved,Processed,2026-08-17 02:54:03
RET00014,ORD06704,PROD00079,CUST00816,2026-06-20 19:36:20,5,,237561.03,Completed,,2026-07-20 20:10:44
RET00015,ORD02596,PROD00180,CUST00546,2025-04-24 00:36:18,1,Changed Mind,26650.82,Rejected,Processed,2026-01-04 06:32:57
RET00016,ORD08025,PROD00003,CUST00787,2026-03-28 13:40:31,6,,233175.06,Completed,Pending,2026-07-07 17:37:08
RET00017,ORD00382,PROD00078,CUST00489,2026-02-05 18:12:00,1,,36570.47,Approved,Failed,2026-05-07 14:04:10
RET00018,ORD04692,PROD00047,CUST00961,2026-07-06 13:57:53,2,Quality Issue,20075.67,Approved,,2026-09-17 20:03:33
RET00019,ORD03952,PROD00003,CUST00631,2026-07-16 06:22:10,3,,103539.85,Requested,Failed,2026-09-22 10:26:20
RET00020,ORD07652,PROD00015,CUST00979,2026-06-10 11:35:46,1,Damaged,-32426.71,Approved,Processed,2026-06-20 17:12:03
RET00021,ORD03750,PROD00122,CUST00559,2026-08-22 11:55:21,2,Damaged,14749.65,Requested,Failed,2026-08-23 19:28:19
RET00022,ORD05566,PROD00187,CUST00583,2026-02-17 23:40:18,2,Damaged,9449.24,Rejected,,2026-08-04 01:59:59
RET00023,ORD07915,PROD00134,CUST00766,2025-12-25 09:10:19,2,Damaged,20878.64,Requested,Pending,2026-08-29 00:01:24
RET00024,ORD09801,PROD00145,CUST00431,2026-01-23 12:44:33,2,Wrong Item,19871.03,Requested,Processed,2026-03-24 03:55:45
RET00025,ORD00261,PROD00194,CUST00680,2025-11-09 11:56:17,1,Damaged,9274.38,Completed,Processed,2026-09-02 04:12:47
RET00026,ORD05316,PROD00145,CUST00951,2025-10-31 23:56:52,5,Incorrect Size,54265.31,Completed,Failed,2026-05-16 06:11:27
RET00027,ORD04913,PROD00064,CUST00271,2026-08-12 17:58:57,1,Incorrect Size,35755.5,Approved,Pending,2026-08-16 02:50:47
RET00028,ORD01024,PROD00170,CUST00574,2026-09-08 13:05:45,3,Quality Issue,113226.43,Requested,Failed,2026-09-13 09:56:45
RET00029,ORD02837,PROD00132,CUST00665,2026-06-15 00:35:09,1,Wrong Item,38321.64,Requested,Pending,2026-07-12 15:39:23
RET00030,ORD05726,PROD00099,CUST00465,2025-08-22 10:39:25,4,Damaged,133813.01,Approved,Processed,2026-09-24 19:47:45
RET00031,ORD07927,PROD00141,CUST00296,2026-02-22 09:34:35,1,,37237.12,Requested,,2026-05-08 05:25:14
RET00032,ORD00448,PROD00096,CUST00990,2026-07-14 02:36:43,3,Damaged,44147.98,Approved,Processed,2026-09-07 13:27:08
RET00033,ORD07178,PROD00018,CUST00574,2025-12-30 00:07:23,1,Damaged,-10306.95,Requested,Processed,2026-03-26 15:12:05
RET00034,ORD02147,PROD00002,CUST_INVALID,2026-02-16 20:04:16,3,Changed Mind,94983.58,Completed,Processed,2026-09-16 07:35:53
RET00035,ORD05215,PROD00178,CUST00872,2026-03-13 19:23:47,2,Incorrect Size,29566.28,Completed,Processed,2026-07-22 13:56:09
RET00036,ORD03555,PROD00062,CUST00330,2025-07-22 17:54:23,1,Quality Issue,14719.01,Completed,Failed,2026-03-01 10:07:38
RET00037,ORD04422,PROD00017,CUST00344,2026-08-19 12:16:41,5,Incorrect Size,16776.01,Requested,,2026-09-19 12:41:58
RET00038,ORD07359,PROD00030,CUST00549,2025-12-05 10:55:26,2,Quality Issue,8825.36,Rejected,Pending,2026-07-27 14:37:09
RET00039,ORD02434,PROD00178,CUST00654,2025-10-23 01:15:07,2,Incorrect Size,29058.75,Completed,Processed,2025-10-23 16:01:55
RET00040,ORD05272,PROD00037,CUST00459,2026-09-03 21:50:48,2,Changed Mind,91278.68,Rejected,,2026-09-21 09:11:03
RET00041,ORD00154,PROD00146,CUST00382,2026-02-06 14:59:03,1,,42909.27,Approved,,2026-09-04 06:12:39
RET00042,ORD06646,PROD00127,CUST00157,2025-12-12 13:17:58,2,Changed Mind,15395.07,Completed,Failed,2026-05-05 17:52:31
RET00043,ORD09772,PROD00123,CUST00908,2026-07-19 21:55:52,1,Wrong Item,32897.92,Approved,Failed,2026-08-09 10:44:15
RET00044,ORD04589,PROD00047,CUST00450,2026-05-05 17:40:00,3,Damaged,34353.52,Requested,Failed,2026-08-04 13:45:12
RET00045,ORD05906,PROD00001,CUST00377,2026-01-15 05:02:53,1,Wrong Item,35421.57,Requested,Failed,2026-03-15 19:49:05
RET00046,ORD01514,PROD00192,CUST00632,2025-08-15 03:49:08,1,Changed Mind,45978.51,Rejected,Failed,2025-10-30 14:29:42
RET00047,ORD08238,PROD00064,CUST00943,2026-05-13 23:24:45,2,Changed Mind,65929.72,Completed,Failed,2026-05-25 08:04:03
RET00048,ORD06530,PROD00148,CUST00751,2026-05-14 18:04:35,5,Incorrect Size,191323.86,Requested,Failed,2026-05-30 01:02:09
RET00049,ORD07915,PROD00134,CUST00766,2026-03-30 05:50:49,1,Quality Issue,10439.32,Completed,,2026-09-10 23:20:13
RET00050,ORD09881,PROD00156,CUST00612,2026-02-22 02:31:00,2,Damaged,72405.09,Rejected,Pending,2026-08-11 16:30:31
RET00051,ORD02844,PROD00129,CUST00330,2026-07-30 14:13:59,3,Changed Mind,60119.04,Rejected,Pending,2026-08-10 23:10:21
RET00052,ORD01631,PROD00077,CUST00905,2025-11-20 08:27:53,3,Quality Issue,64170.68,Rejected,,2026-07-12 01:21:32
RET00053,ORD09641,PROD00099,CUST00663,2026-09-15 19:34:22,3,Incorrect Size,94655.74,Completed,,2026-09-22 04:36:20
RET00054,ORD04444,PROD00166,CUST00304,2025-06-29 03:35:03,2,Changed Mind,59517.85,Completed,Failed,2025-12-22 21:29:56
RET00055,ORD06227,PROD00029,CUST00058,2026-08-18 02:29:06,2,Changed Mind,1127.58,Completed,Pending,2026-08-31 05:08:10
RET00056,ORD06815,PROD00191,CUST00480,2026-06-09 10:55:24,4,Incorrect Size,157859.08,Completed,Processed,2026-07-06 13:58:17
RET00057,ORD04398,PROD00058,CUST00022,2026-08-29 09:38:47,1,,20606.82,Rejected,Failed,2026-09-13 06:47:17
RET00058,ORD00353,PROD00177,CUST_INVALID,2026-07-15 14:38:04,2,Wrong Item,57749.35,Requested,Processed,2026-08-27 00:25:29
RET00059,ORD01131,PROD00123,CUST00581,2026-04-11 05:22:02,1,Damaged,31355.19,Approved,Processed,2026-05-30 20:19:25
RET00060,ORD04931,PROD00123,CUST00057,2026-02-22 17:02:35,3,,108181.79,Rejected,Pending,2026-05-18 08:10:10
RET00061,ORD04383,PROD00124,CUST00746,2025-09-08 09:16:18,1,Incorrect Size,44583.97,Approved,Processed,2026-05-17 04:19:22
RET00062,ORD09901,PROD00161,CUST00349,2026-06-27 11:35:08,1,Changed Mind,8179.03,Requested,Processed,2026-09-09 11:38:42
RET00063,ORD05294,PROD00045,CUST00871,2026-08-13 20:36:31,4,Quality Issue,89310.02,Requested,Pending,2026-08-27 05:51:47
RET00064,ORD01837,PROD00144,CUST00575,2026-09-23 23:29:26,5,Changed Mind,12395.53,Approved,Failed,2026-09-24 09:46:39
RET00065,ORD03785,PROD00102,CUST00913,2026-02-14 16:42:14,3,Damaged,67097.76,Completed,,2026-09-19 10:31:02
RET00066,ORD00327,PROD00184,CUST00277,2026-08-12 13:47:36,1,Quality Issue,36521.21,Completed,,2026-08-29 11:18:56
RET00067,ORD03652,PROD00151,CUST00973,2026-07-05 20:46:35,4,Wrong Item,68362.4,Approved,Failed,2026-07-08 05:02:34
RET00068,ORD06126,PROD00067,CUST00948,2026-09-13 02:34:26,3,Wrong Item,86840.25,Approved,Failed,2026-09-13 08:12:30
RET00069,ORD01967,PROD00022,CUST00276,2026-09-13 12:19:33,3,Changed Mind,102446.16,Requested,Failed,2026-09-20 16:25:50
RET00070,ORD09970,PROD00194,CUST00702,2025-10-18 20:23:55,1,Quality Issue,9170.94,Rejected,Failed,2025-11-30 08:04:24
RET00071,ORD08959,PROD00061,CUST00565,2026-02-13 07:46:58,2,Quality Issue,1008.89,Requested,,2026-05-12 23:31:05
RET00072,ORD03783,PROD00166,CUST00501,2026-04-05 11:57:26,4,Damaged,107730.9,Completed,,2026-08-26 10:04:58
RET00073,ORD08219,PROD00198,CUST00809,2026-04-28 02:04:35,3,Incorrect Size,39319.07,Completed,Processed,2026-05-27 07:43:37
RET00074,ORD04263,PROD00058,CUST00899,2025-10-21 09:15:40,3,,62197.67,Requested,,2026-07-22 09:00:12
RET00075,ORD08808,PROD00145,CUST00105,2025-12-21 22:40:27,1,Quality Issue,10638.78,Completed,Processed,2026-03-03 17:55:22
RET00076,ORD09015,PROD00017,CUST00952,2025-05-13 03:21:45,2,Wrong Item,7733.27,Completed,,2026-05-03 04:05:28
RET00077,ORD01092,PROD00049,CUST00140,2026-09-22 00:02:30,1,Changed Mind,29380.41,Completed,Failed,2026-09-23 20:01:03
RET00078,ORD01681,PROD00091,CUST00018,2026-09-01 22:30:17,1,Wrong Item,38104.25,Rejected,Pending,2026-09-21 21:26:00
RET00079,ORD06427,PROD00189,CUST00276,2026-01-19 00:29:46,2,,27477.16,Completed,Pending,2026-02-12 02:11:31
RET00080,ORD01484,PROD00123,CUST00994,2026-09-10 02:31:02,1,,32086.29,Requested,Processed,2026-09-20 02:07:05
RET00081,ORD03466,PROD00025,CUST00739,2026-09-12 09:19:39,3,Wrong Item,31403.16,Approved,Pending,2026-09-15 02:57:20
RET00082,ORD01500,PROD00059,CUST00659,2025-11-30 06:47:48,1,,13681.76,Approved,Failed,2026-07-30 17:25:36
RET00083,ORD07124,PROD00094,CUST00492,2026-05-05 15:25:35,2,Wrong Item,32843.98,Completed,Processed,2026-09-16 21:12:48
RET00084,ORD04907,PROD00141,CUST00679,2026-09-03 05:53:19,4,Damaged,148515.26,Completed,Processed,2026-09-07 01:59:17
RET00085,ORD07549,PROD00040,CUST00417,2026-02-04 03:46:30,2,Changed Mind,56856.74,Completed,,2026-09-21 17:22:02
RET00086,ORD02419,PROD00012,CUST00369,2026-03-25 06:23:44,1,Incorrect Size,48119.51,Rejected,Processed,2026-06-07 16:05:07
RET00087,ORD07745,PROD00024,CUST00156,2026-06-29 02:30:48,2,Damaged,51329.15,Requested,Pending,2026-07-15 18:41:44
RET00088,ORD03818,PROD00184,CUST00711,2026-02-24 14:53:32,2,Incorrect Size,65892.97,Completed,Processed,2026-04-28 17:33:30
RET00089,ORD06960,PROD00032,CUST00096,2026-08-04 12:58:25,7,Quality Issue,193258.08,Approved,,2026-08-21 00:16:50
RET00090,ORD00916,PROD00057,CUST00908,2026-05-17 12:57:04,5,Quality Issue,227019.45,Completed,Pending,2026-07-28 04:57:34
RET00091,ORD02219,PROD00070,CUST00008,2026-09-13 17:00:29,3,Changed Mind,91912.86,Requested,Failed,2026-09-19 22:22:59
RET00092,ORD07713,PROD00048,CUST00322,2026-05-04 15:31:23,1,Quality Issue,11799.82,Completed,Processed,2026-08-19 05:07:08
RET00093,ORD03031,PROD00125,CUST00053,2025-02-25 14:26:18,2,Changed Mind,28980.19,Approved,Pending,2025-11-16 05:03:00
RET00094,ORD03482,PROD00038,CUST00995,2025-05-13 10:16:25,2,Wrong Item,101591.65,Completed,Failed,2026-06-11 22:16:15
RET00095,ORD00523,PROD00145,CUST00583,2026-08-06 11:29:01,4,Incorrect Size,42314.27,Requested,Pending,2026-09-08 11:07:19
RET00096,ORD08296,PROD00144,CUST00586,2026-07-30 10:24:34,1,,2853.45,Rejected,,2026-09-20 11:16:20
RET00097,ORD09849,PROD00060,CUST00272,2026-05-24 03:58:54,2,Changed Mind,91139.38,Rejected,Processed,2026-09-14 18:14:49
RET00098,ORD03969,PROD00075,CUST00024,2026-08-07 09:58:58,1,Incorrect Size,8702.57,Approved,Processed,2026-09-12 20:12:19
RET00099,ORD09025,PROD00008,CUST00830,2025-12-25 09:16:00,2,,83388.88,Requested,Failed,2026-07-25 12:42:18
RET00100,ORD03847,PROD00094,CUST00863,2026-03-28 03:59:08,1,Changed Mind,16438.9,Rejected,Processed,2026-09-20 23:58:03
RET00101,ORD07074,PROD00042,CUST00245,2026-06-20 22:52:42,2,Incorrect Size,48046.42,Approved,Processed,2026-07-08 09:19:38
RET00102,ORD09617,PROD00192,CUST00414,2026-09-11 12:13:07,5,Incorrect Size,220420.69,Approved,,2026-09-17 19:00:23
RET00103,ORD07246,PROD00118,CUST00362,2026-09-13 21:25:50,3,Wrong Item,97112.53,Rejected,,2026-09-15 19:53:15
RET00104,ORD02697,PROD00178,CUST00695,2026-09-07 23:01:01,1,,15037.06,Completed,,2026-09-21 01:08:00
RET00105,ORD01260,PROD00068,CUST00631,2026-06-12 02:18:31,4,Wrong Item,1293.07,Rejected,Failed,2026-06-25 01:39:45
RET00106,ORD07307,PROD00050,CUST_INVALID,2026-08-11 01:08:13,4,Quality Issue,65357.76,Requested,Pending,2026-08-21 07:18:51
RET00107,ORD04499,PROD00142,CUST00215,2026-09-19 22:31:23,1,Quality Issue,48661.38,Rejected,Processed,2026-09-22 07:00:27
RET00108,ORD01718,PROD00131,CUST00651,2026-01-04 12:39:20,1,Quality Issue,5351.14,Rejected,Pending,2026-09-24 17:39:45
RET00109,ORD07532,PROD00022,CUST00204,2026-03-14 12:49:38,4,Changed Mind,133532.96,Rejected,Failed,2026-07-09 00:10:12
RET00110,ORD02116,PROD00196,CUST00756,2026-08-09 18:06:57,1,Quality Issue,36650.01,Approved,Processed,2026-09-05 00:35:40
RET00111,ORD00225,PROD00116,CUST00670,2026-07-02 08:41:50,3,Changed Mind,109325.6,Completed,Pending,2026-09-01 17:16:53
RET00112,ORD01325,PROD00150,CUST00166,2025-11-02 17:44:32,4,Incorrect Size,71480.9,Approved,Failed,2025-12-10 09:49:27
RET00113,ORD06456,PROD00079,CUST00932,2026-02-12 18:31:22,4,Incorrect Size,171549.14,Requested,Pending,2026-03-05 22:47:31
RET00114,ORD01414,PROD00115,CUST00431,2026-06-01 01:13:59,1,Incorrect Size,13500.95,Rejected,,2026-07-19 22:25:07
RET00115,ORD02262,PROD00130,CUST00142,2026-02-08 14:53:15,4,Quality Issue,55707.27,Requested,Failed,2026-08-09 16:49:22
RET00116,ORD09719,PROD00079,CUST00526,2026-07-30 04:30:04,4,,159854.97,Requested,Processed,2026-09-09 13:28:55
RET00117,ORD06213,PROD00053,CUST00526,2025-11-07 15:10:25,4,,45885.69,Requested,Pending,2026-04-12 07:30:05
RET00118,ORD00355,PROD00052,CUST00781,2026-09-24 10:35:48,1,Changed Mind,20860.67,Approved,Failed,2026-09-24 18:34:11
RET00119,ORD07563,PROD00137,CUST00471,2026-06-07 02:21:41,2,Quality Issue,23310.15,Approved,Processed,2026-09-19 11:30:28
RET00120,ORD09942,PROD00030,CUST00110,2026-09-21 06:24:22,4,Wrong Item,17824.22,Completed,Processed,2026-09-22 03:01:06
RET00121,ORD05736,PROD00194,CUST00213,2025-09-04 07:22:07,2,Incorrect Size,17134.31,Completed,Processed,2026-01-06 09:18:38
RET00122,ORD01972,PROD00012,CUST00784,2026-07-28 12:19:52,1,,49535.15,Requested,Processed,2026-08-20 02:46:28
RET00123,ORD04244,PROD00173,CUST00453,2026-04-28 22:56:39,3,Damaged,117553.28,Completed,Failed,2026-09-21 23:37:25
RET00124,ORD06760,PROD00181,CUST00436,2025-05-28 21:30:26,5,Quality Issue,105467.96,Approved,Pending,2025-12-16 15:59:42
RET00125,ORD02247,PROD00126,CUST00188,2026-08-03 11:48:00,1,Quality Issue,30374.33,Requested,,2026-08-12 22:58:14
RET00126,ORD03928,PROD00146,CUST00769,2026-07-25 16:28:53,1,Damaged,37980.16,Completed,,2026-09-09 12:30:36
RET00127,ORD07113,PROD00021,CUST00563,2026-08-12 00:02:20,1,Quality Issue,46148.16,Requested,Failed,2026-09-02 00:20:17
RET00128,ORD00547,PROD00195,CUST00009,2026-01-13 23:42:52,4,Changed Mind,51457.03,Completed,Processed,2026-05-18 12:49:47
RET00129,ORD09804,PROD00197,CUST00580,2026-09-17 01:12:18,3,Quality Issue,83039.36,Approved,Pending,2026-09-21 23:22:00
RET00130,ORD06034,PROD00012,CUST00770,2026-09-02 22:29:03,1,Changed Mind,48001.44,Approved,Failed,2026-09-07 11:57:30
RET00131,ORD06703,PROD00182,CUST00842,2026-08-31 06:36:11,2,Damaged,50450.01,Requested,,2026-09-24 13:34:29
RET00132,ORD05140,PROD00081,CUST00889,2026-08-19 00:22:32,2,Incorrect Size,6437.21,Requested,Processed,2026-09-06 07:35:18
RET00133,ORD07481,PROD00089,CUST00830,2026-06-04 09:25:50,4,Changed Mind,59893.3,Rejected,Processed,2026-07-10 06:48:20
RET00134,ORD02531,PROD00010,CUST00307,2025-10-18 10:26:17,4,,22182.37,Completed,Processed,2026-07-02 00:38:58
RET00135,ORD07996,PROD00065,CUST00646,2026-02-02 03:14:42,1,Quality Issue,1068.6,Approved,Pending,2026-07-28 02:03:45
RET00136,ORD06750,PROD00027,CUST00715,2026-07-31 08:47:54,1,Changed Mind,28932.86,Requested,Processed,2026-09-06 19:07:11
RET00137,ORD00082,PROD00195,CUST00806,2026-09-23 10:40:50,3,Wrong Item,40614.96,Completed,,2026-09-24 05:38:09
RET00138,ORD01951,PROD00106,CUST00748,2025-11-14 11:28:25,1,Changed Mind,434.65,Approved,Pending,2026-01-10 08:08:23
RET00139,ORD02330,PROD00036,CUST00167,2025-10-20 12:50:24,1,Incorrect Size,3292.77,Approved,Processed,2025-12-19 10:57:57
RET00140,ORD05919,PROD00147,CUST00027,2026-09-06 14:36:01,1,Quality Issue,29695.97,Rejected,Pending,2026-09-15 14:45:22
RET00141,ORD00589,PROD00158,CUST00229,2026-07-24 00:57:52,2,Changed Mind,38411.83,Rejected,Pending,2026-09-06 09:29:15
RET00142,ORD04319,PROD00118,CUST00582,2025-06-11 00:33:40,1,Wrong Item,36779.26,Rejected,Processed,2026-09-02 23:04:36
RET00143,ORD02774,PROD00060,CUST00962,2026-09-16 23:19:19,1,Quality Issue,39477.28,Approved,Failed,2026-09-24 14:26:23
RET00144,ORD07596,PROD00151,CUST00619,2025-10-11 16:57:43,2,Changed Mind,33163.68,Rejected,Pending,2026-07-20 14:09:12
RET00145,ORD07061,PROD00050,CUST00728,2026-05-06 11:46:59,2,Damaged,32387.26,Completed,,2026-06-18 18:14:26
RET00146,ORD06141,PROD00176,CUST00820,2025-07-31 01:40:58,5,Changed Mind,113669.01,Rejected,Failed,2026-05-26 00:00:08
RET00147,ORD04277,PROD00014,CUST00534,2026-02-04 17:37:20,3,Incorrect Size,125078.88,Requested,Processed,2026-03-04 16:06:19
RET00148,ORD00402,PROD00030,CUST00347,2026-05-18 16:19:23,4,Incorrect Size,-8145.3,Requested,Failed,2026-06-29 17:23:13
RET00149,ORD09060,PROD00085,CUST00136,2026-08-30 00:45:24,4,,166202.99,Approved,Processed,2026-09-16 10:10:59
RET00150,ORD06653,PROD00002,CUST00561,2026-06-12 13:57:16,1,Damaged,34270.06,Requested,Pending,2026-08-05 19:40:30
RET00151,ORD05348,PROD00102,CUST00337,2026-06-18 04:16:01,1,Changed Mind,22000.6,Rejected,Failed,2026-09-06 06:17:04
RET00152,ORD00411,PROD00115,CUST00292,2026-07-14 00:14:24,2,,24453.33,Requested,Processed,2026-08-24 06:33:45
RET00153,ORD07812,PROD00194,CUST00183,2025-09-04 10:58:55,2,,19650.36,Rejected,Pending,2025-10-25 19:02:36
RET00154,ORD01372,PROD00156,CUST00671,2026-08-24 16:59:50,1,,36716.33,Rejected,,2026-09-08 19:56:47
RET00155,ORD01113,PROD00112,CUST00243,2026-09-23 11:02:16,1,Incorrect Size,2438.86,Completed,Processed,2026-09-23 15:39:16
RET00156,ORD00708,PROD00066,CUST00727,2025-09-22 14:46:43,2,Quality Issue,6788.03,Rejected,,2026-09-14 18:51:59
RET00157,ORD07155,PROD00048,CUST00938,2026-09-10 18:38:05,3,,35660.81,Rejected,Failed,2026-09-19 16:29:29
RET00158,ORD08066,PROD00028,CUST00777,2026-02-07 16:11:06,2,Incorrect Size,314.52,Completed,Failed,2026-04-12 10:22:40
RET00159,ORD05912,PROD00014,CUST00259,2025-04-20 22:43:06,2,,-92391.76,Rejected,Processed,2025-11-13 07:34:49
RET00160,ORD08763,PROD00158,CUST00346,2025-07-22 08:48:17,1,Changed Mind,20399.08,Requested,Failed,2025-12-15 21:37:48
RET00161,ORD09685,PROD00121,CUST00566,2026-03-13 14:06:24,2,Wrong Item,95978.93,Completed,Failed,2026-09-22 03:12:11
RET00162,ORD05961,PROD00187,CUST00134,2025-01-25 09:07:55,3,Wrong Item,15080.04,Requested,Pending,2026-03-24 23:02:03
RET00163,ORD05321,PROD00177,CUST00600,2026-06-28 08:37:24,2,Damaged,70023.54,Requested,Pending,2026-08-10 19:48:51
RET00164,ORD05127,PROD00148,CUST00688,2026-04-29 21:49:58,3,Incorrect Size,133346.36,Completed,Pending,2026-05-01 07:15:38
RET00165,ORD06020,PROD00173,CUST00102,2026-05-17 04:18:18,2,Incorrect Size,73420.51,Approved,,2026-08-13 21:22:36
RET00166,ORD00548,PROD00038,CUST00154,2026-09-15 07:41:57,1,Quality Issue,42503.52,Completed,Pending,2026-09-22 04:55:11
RET00167,ORD00969,PROD00017,CUST00449,2026-03-03 14:15:15,1,,4202.85,Approved,Failed,2026-06-09 13:38:29
RET00168,ORD03553,PROD00025,CUST00917,2026-09-17 02:37:07,2,,22659.35,Approved,Failed,2026-09-21 18:32:34
RET00169,ORD01971,PROD00029,CUST00601,2026-09-21 05:24:45,3,,1600.43,Requested,Failed,2026-09-21 23:27:30
RET00170,ORD01641,PROD00013,CUST00477,2026-07-31 02:38:25,1,Quality Issue,43475.03,Rejected,,2026-09-09 18:44:16
RET00171,ORD01285,PROD00185,CUST00662,2026-09-05 22:44:26,3,Wrong Item,127364.59,Rejected,Processed,2026-09-18 20:21:18
RET00172,ORD09744,PROD00125,CUST00169,2026-08-07 01:26:01,1,Incorrect Size,-34940.89,Requested,Processed,2026-08-23 20:03:22
RET00173,ORD03838,PROD00114,CUST00297,2026-01-14 18:38:41,2,Incorrect Size,6807.39,Rejected,Failed,2026-08-04 05:54:48
RET00174,ORD01688,PROD00144,CUST00787,2026-06-21 19:59:42,1,,2856.87,Completed,,2026-09-24 19:33:16
RET00175,ORD05424,PROD00119,CUST00266,2026-04-04 09:09:00,2,,81756.19,Rejected,,2026-08-19 18:24:45
RET00176,ORD07212,PROD00011,CUST00654,2026-06-05 16:56:48,1,Wrong Item,6015.12,Rejected,,2026-07-24 19:45:44
RET00177,ORD04633,PROD00108,CUST00710,2026-09-02 00:20:29,2,Quality Issue,77189.27,Rejected,,2026-09-02 23:42:21
RET00178,ORD00862,PROD00040,CUST00731,2026-08-31 08:24:48,1,,25897.05,Approved,Failed,2026-09-12 23:14:41
RET00179,ORD07293,PROD00032,CUST00634,2025-12-12 05:02:16,1,Wrong Item,29259.82,Requested,Processed,2026-08-17 04:38:10
RET00180,ORD05009,PROD00046,CUST00149,2026-08-14 05:26:03,2,Changed Mind,51385.3,Requested,Pending,2026-08-27 02:18:36
RET00181,ORD07609,PROD00012,CUST00906,2026-05-16 19:27:37,1,,44921.49,Approved,Pending,2026-08-23 13:40:16
RET00182,ORD00945,PROD00081,CUST00591,2025-06-21 04:08:18,1,,3823.04,Requested,Pending,2026-09-12 03:10:30
RET00183,ORD09919,PROD_INVALID,CUST00367,2026-09-07 06:07:16,2,Wrong Item,1063.94,Approved,Pending,2026-09-19 06:41:54
RET00184,ORD03299,PROD00063,CUST00830,2026-08-07 23:20:32,3,Changed Mind,5779.55,Completed,Processed,2026-09-17 05:25:08
RET00185,ORD00677,PROD00031,CUST00003,2026-02-24 01:05:54,1,Wrong Item,49.0,Rejected,Pending,2026-03-25 10:18:57
RET00186,ORD02236,PROD00056,CUST00950,2025-11-22 04:53:22,7,Quality Issue,288790.25,Approved,,2026-02-11 20:32:40
RET00187,ORD09219,PROD00036,CUST00082,2026-05-30 14:16:08,1,Changed Mind,3397.94,Completed,Pending,2026-08-10 08:45:16
RET00188,ORD03944,PROD00161,CUST00293,2026-09-22 05:54:35,2,Quality Issue,15309.42,Completed,Processed,2026-09-23 15:13:42
RET00189,ORD03005,PROD00101,CUST00476,2026-09-16 10:32:49,4,Quality Issue,10488.91,Rejected,,2026-09-24 00:33:04
RET00190,ORD00588,PROD00123,CUST00243,2025-07-07 07:53:51,1,Damaged,36581.55,Requested,Processed,2025-10-08 18:11:28
RET00191,ORD06836,PROD00122,CUST00562,2026-05-19 00:55:43,2,Damaged,15668.57,Completed,Processed,2026-08-13 18:26:53
RET00192,ORD00297,PROD00188,CUST00820,2026-05-30 16:46:23,1,Quality Issue,23572.08,Completed,,2026-09-07 02:43:53
RET00193,ORD04822,PROD00013,CUST00275,2026-04-26 02:14:11,2,Wrong Item,79977.71,Completed,Pending,2026-06-12 22:54:38
RET00194,ORD05704,PROD00188,CUST00022,2026-07-26 18:37:25,1,Damaged,24200.4,Rejected,Failed,2026-07-30 03:21:27
RET00195,ORD06913,PROD00068,CUST00841,2026-08-10 04:18:48,2,Damaged,608.0,Rejected,,2026-09-08 08:53:20
RET00196,ORD03305,PROD00072,CUST00301,2026-09-22 17:14:13,1,Damaged,11495.66,Approved,,2026-09-24 22:43:48
RET00197,ORD08477,PROD00044,CUST00770,2026-05-09 22:34:29,2,,1123.31,Approved,Failed,2026-05-13 13:24:46
RET00198,ORD07531,PROD00191,CUST00046,2026-07-26 14:39:58,2,Wrong Item,97805.61,Rejected,,2026-07-31 13:48:11
RET00199,ORD07406,PROD00136,CUST00693,2026-09-02 19:35:25,2,Quality Issue,19840.17,Requested,Pending,2026-09-05 10:27:04
RET00200,ORD08230,PROD00123,CUST00490,2025-07-10 18:18:04,4,Damaged,155770.74,Completed,Pending,2026-05-13 06:39:35
RET00201,ORD08931,PROD00178,CUST00900,2026-05-01 10:48:14,1,Incorrect Size,14146.68,Requested,Processed,2026-05-19 02:11:59
RET00202,ORD02909,PROD00060,CUST00675,2026-05-09 13:59:55,2,Damaged,85115.97,Completed,Processed,2026-09-02 14:22:02
RET00203,ORD06655,PROD00135,CUST00653,2026-05-02 10:42:35,1,Quality Issue,19444.64,Approved,Failed,2026-05-10 05:36:08
RET00204,ORD09273,PROD00002,CUST00848,2026-07-27 15:19:31,1,Changed Mind,30298.67,Requested,,2026-09-22 18:51:50
RET00205,ORD05359,PROD00110,CUST00911,2025-12-13 10:52:40,3,Damaged,17515.31,Approved,,2026-07-29 23:07:41
RET00206,ORD08046,PROD00187,CUST00949,2026-08-05 23:56:58,1,Incorrect Size,4735.53,Completed,,2026-08-16 14:13:25
RET00207,ORD02785,PROD00163,CUST00833,2026-06-24 01:07:56,4,Quality Issue,58269.59,Approved,Processed,2026-09-23 03:59:24
RET00208,ORD00453,PROD00079,CUST00754,2026-09-02 10:27:14,2,Wrong Item,104102.14,Approved,,2026-09-16 07:44:31
RET00209,ORD07862,PROD00119,CUST00036,2026-09-15 03:00:43,2,,100806.83,Rejected,Pending,2026-09-18 15:21:49
RET00210,ORD06729,PROD00126,CUST00764,2026-08-27 02:09:20,1,Changed Mind,29436.5,Completed,Failed,2026-09-01 02:04:13
RET00211,ORD00958,PROD00091,CUST00214,2025-12-14 16:54:21,1,Changed Mind,33348.9,Completed,Pending,2026-02-16 12:11:54
RET00212,ORD03548,PROD00097,CUST00224,2026-06-09 12:33:14,2,Damaged,59008.51,Requested,,2026-06-18 11:49:11
RET00213,ORD06955,PROD00163,CUST00314,2026-08-08 17:24:53,2,Wrong Item,29089.28,Completed,Pending,2026-09-03 01:44:13
RET00214,ORD03600,PROD00153,CUST00365,2026-05-30 20:35:21,1,Wrong Item,13982.87,Approved,Pending,2026-07-28 09:07:31
RET00215,ORD03188,PROD00108,CUST00487,2026-03-26 09:46:51,5,,198466.06,Approved,Processed,2026-06-21 02:43:19
RET00216,ORD08574,PROD00169,CUST00982,2026-08-13 17:42:21,2,Incorrect Size,8835.46,Rejected,,2026-09-15 23:03:15
RET00217,ORD04935,PROD00056,CUST00912,2025-11-28 08:47:48,1,Incorrect Size,38729.78,Requested,,2026-07-27 03:22:39
RET00218,ORD09744,PROD00125,CUST00169,2026-09-17 17:56:05,1,Incorrect Size,17470.45,Completed,,2026-09-20 07:51:07
RET00219,ORD07904,PROD00117,CUST00571,2026-02-09 09:22:03,2,,34949.9,Requested,,2026-06-19 22:49:45
RET00220,ORD08254,PROD00002,CUST00501,2026-03-26 01:16:23,2,Wrong Item,64310.2,Completed,Failed,2026-04-03 12:09:09
RET00221,ORD03262,PROD00110,CUST00538,2026-07-23 20:54:48,2,Incorrect Size,13658.96,Rejected,Failed,2026-09-11 13:32:17
RET00222,ORD02389,PROD00007,CUST00693,2026-03-10 17:44:35,5,Wrong Item,64992.11,Completed,Pending,2026-06-29 10:15:54
RET00223,ORD09369,PROD00103,CUST00571,2025-12-04 20:23:33,1,Incorrect Size,33247.48,Completed,Failed,2026-04-10 05:31:31
RET00224,ORD05710,PROD00144,CUST00060,2026-03-30 21:27:21,1,Incorrect Size,-2580.84,Completed,Failed,2026-04-21 02:33:01
RET00225,ORD04627,PROD00075,CUST00080,2026-09-18 22:01:50,3,Damaged,24773.71,Rejected,Failed,2026-09-23 03:27:00
RET00226,ORD00611,PROD00085,CUST00867,2026-08-23 20:35:18,3,Incorrect Size,103384.51,Completed,Pending,2026-09-20 05:28:31
RET00227,ORD00294,PROD00064,CUST00105,2026-03-20 15:03:43,3,Quality Issue,95523.38,Rejected,Failed,2026-04-27 08:53:49
RET00228,ORD05607,PROD00194,CUST00807,2026-08-30 00:58:20,3,,28209.89,Approved,,2026-09-20 11:57:41
RET00229,ORD02325,PROD00168,CUST00116,2026-07-09 12:31:33,3,Damaged,55331.01,Approved,Failed,2026-08-23 09:17:28
RET00230,ORD04531,PROD00167,CUST00181,2026-03-30 12:20:35,1,Quality Issue,27194.14,Rejected,Pending,2026-06-24 05:23:08
RET00231,ORD03329,PROD00076,CUST00401,2026-09-21 15:34:33,3,Damaged,7735.66,Rejected,Processed,2026-09-24 08:26:49
RET00232,ORD09186,PROD00019,CUST00757,2026-07-31 19:16:59,2,Damaged,6675.12,Requested,Processed,2026-08-14 15:12:42
RET00233,ORD02053,PROD00141,CUST00379,2025-12-03 04:33:11,2,Incorrect Size,78161.59,Approved,Processed,2026-04-27 10:59:27
RET00234,ORD00525,PROD00164,CUST00069,2026-02-06 00:35:38,2,,79986.77,Rejected,,2026-03-11 17:46:09
RET00235,ORD03968,PROD00148,CUST00097,2026-04-26 07:38:15,2,Changed Mind,89256.04,Approved,Pending,2026-05-14 16:03:05
RET00236,ORD01162,PROD00001,CUST00594,2025-10-06 01:43:27,3,Quality Issue,88129.81,Requested,Failed,2026-04-03 03:47:30
RET00237,ORD05222,PROD00132,CUST00800,2026-09-11 18:36:54,2,Incorrect Size,75291.12,Approved,Processed,2026-09-12 20:43:15
RET00238,ORD07199,PROD00013,CUST00941,2026-05-16 06:04:16,3,Incorrect Size,-104916.34,Completed,Failed,2026-06-28 20:19:45
RET00239,ORD03151,PROD00011,CUST00985,2026-08-29 15:58:36,1,Incorrect Size,5367.34,Requested,,2026-09-23 18:55:54
RET00240,ORD05364,PROD00060,CUST00084,2025-06-07 11:39:29,1,Damaged,47438.25,Requested,,2025-07-12 03:12:01
RET00241,ORD05811,PROD00110,CUST00391,2026-09-01 00:57:56,1,Incorrect Size,6038.81,Approved,Failed,2026-09-09 11:51:04
RET00242,ORD06046,PROD00139,CUST00680,2026-05-31 01:49:24,1,Changed Mind,39252.53,Completed,Processed,2026-06-15 18:58:04
RET00243,ORD09627,PROD00115,CUST00713,2026-06-17 12:18:17,1,,12099.46,Completed,Failed,2026-08-13 09:09:13
RET00244,ORD07389,PROD00126,CUST00152,2026-02-11 04:53:32,2,Changed Mind,61136.62,Approved,,2026-09-20 02:13:34
RET00245,ORD06100,PROD00064,CUST00556,2026-02-26 11:51:51,2,Changed Mind,69284.36,Approved,,2026-06-25 05:14:41
RET00246,ORD01845,PROD00027,CUST00257,2025-08-09 22:34:40,1,,23301.62,Approved,Pending,2026-03-23 10:06:04
RET00247,ORD06158,PROD00100,CUST00971,2025-10-06 00:06:55,1,Incorrect Size,20815.38,Approved,,2026-04-05 01:31:38
RET00248,ORD05203,PROD00016,CUST00805,2026-07-03 00:46:16,2,Damaged,67098.45,Rejected,Failed,2026-07-31 05:33:17
RET00249,ORD03178,PROD00160,CUST00846,2026-06-07 06:15:03,1,Quality Issue,27561.84,Rejected,,2026-08-20 06:20:55
RET00250,ORD01596,PROD00028,CUST00424,2026-09-02 03:11:02,3,Wrong Item,431.81,Approved,Failed,2026-09-08 10:31:41
RET00251,ORD00911,PROD00096,CUST00388,2026-03-29 06:33:22,2,Wrong Item,28671.7,Requested,Failed,2026-03-30 19:22:59
RET00252,ORD07728,PROD00145,CUST00315,2026-09-16 22:36:59,1,,10616.44,Requested,Pending,2026-09-17 18:41:41
RET00253,ORD02170,PROD00105,CUST00608,2026-07-11 16:44:31,3,Incorrect Size,51706.13,Approved,Failed,2026-09-09 08:11:20
RET00254,ORD05266,PROD00174,CUST00030,2026-02-14 04:50:45,3,Incorrect Size,48600.86,Completed,Processed,2026-04-24 13:01:00
RET00255,ORD02756,PROD00076,CUST00185,2026-06-25 01:57:33,1,Wrong Item,2822.89,Rejected,Processed,2026-07-27 23:33:54
RET00256,ORD02767,PROD00033,CUST00707,2025-12-30 21:50:20,3,Changed Mind,1973.18,Approved,Failed,2026-03-05 04:40:37
RET00257,ORD06870,PROD00003,CUST00436,2026-07-26 08:09:05,1,Changed Mind,35747.46,Approved,Failed,2026-08-08 23:44:04
RET00258,ORD00677,PROD00031,CUST00003,2026-07-28 18:17:09,1,Damaged,49.0,Approved,Pending,2026-09-10 09:45:54
RET00259,ORD03857,PROD00143,CUST00098,2026-09-03 16:20:10,1,Changed Mind,21718.39,Requested,Pending,2026-09-20 23:07:45
RET00260,ORD08230,PROD00123,CUST00490,2026-05-06 06:24:00,1,Incorrect Size,38942.68,Approved,Processed,2026-06-28 04:28:36
RET00261,ORD03462,PROD00052,CUST00528,2025-09-28 23:57:11,1,Incorrect Size,22431.03,Approved,Failed,2025-10-14 14:48:23
RET00262,ORD03500,PROD00160,CUST00295,2026-04-17 20:39:45,1,Incorrect Size,27088.16,Rejected,Failed,2026-04-25 20:58:32
RET00263,ORD06532,PROD00146,CUST00828,2026-08-13 00:06:17,2,Damaged,87785.22,Requested,Processed,2026-08-22 20:27:20
RET00264,ORD05183,PROD00045,CUST00601,2026-09-08 20:24:24,1,Changed Mind,21855.52,Rejected,,2026-09-08 21:39:54
RET00265,ORD09813,PROD00137,CUST00095,2026-09-20 10:41:24,3,Quality Issue,34534.87,Requested,Failed,2026-09-22 21:30:13
RET00266,ORD03786,PROD00163,CUST00284,2026-09-18 15:34:30,3,Incorrect Size,42239.74,Requested,Processed,2026-09-20 07:02:06
RET00267,ORD07544,PROD00121,CUST00060,2026-06-07 06:11:04,1,,41363.7,Rejected,Failed,2026-06-07 22:03:37
RET00268,ORD03593,PROD00059,CUST00649,2026-05-22 18:22:37,3,Damaged,40361.47,Rejected,Processed,2026-09-20 12:02:23
RET00269,ORD00064,PROD00108,CUST00284,2026-06-14 12:50:22,4,Changed Mind,149651.56,Approved,,2026-08-05 13:46:04
RET00270,ORD04279,PROD00077,CUST00830,2026-03-18 17:22:38,2,Wrong Item,43013.02,Approved,,2026-06-04 12:07:14
RET00271,ORD02205,PROD00134,CUST00280,2026-08-02 10:54:32,2,Incorrect Size,-17734.54,Completed,Failed,2026-09-23 04:19:00
RET00272,ORD03714,PROD00054,CUST00320,2026-08-22 09:48:17,1,Wrong Item,21814.54,Approved,,2026-09-01 13:56:07
RET00273,ORD09566,PROD00104,CUST00090,2025-05-04 06:33:05,1,Changed Mind,33689.28,Requested,Processed,2026-07-01 23:31:24
RET00274,ORD04697,PROD00060,CUST00843,2026-04-09 03:22:57,1,Incorrect Size,46622.26,Completed,,2026-04-22 04:34:53
RET00275,ORD03057,PROD00026,CUST00305,2025-10-08 19:11:05,2,Quality Issue,14677.09,Requested,,2026-01-29 13:45:46
RET00276,ORD03757,PROD00032,CUST00375,2026-08-29 22:10:52,1,Quality Issue,28867.26,Approved,,2026-09-17 04:57:25
RET00277,ORD08344,PROD00038,CUST00023,2026-02-21 00:54:06,3,Wrong Item,-86220.57,Approved,Processed,2026-09-21 22:14:22
RET00278,ORD08588,PROD00043,CUST00074,2026-07-23 08:39:01,3,,32955.17,Requested,Failed,2026-08-24 09:35:42
RET00279,ORD07614,PROD00172,CUST00023,2025-08-31 06:24:12,2,Wrong Item,63735.1,Approved,,2025-10-09 13:35:38
RET00280,ORD09079,PROD00106,CUST00639,2026-08-03 22:30:35,1,Quality Issue,522.61,Rejected,,2026-08-11 13:09:59
RET00281,ORD04082,PROD00031,CUST00254,2026-02-03 05:55:05,3,Damaged,117091.01,Rejected,,2026-06-15 07:24:20
RET00282,ORD09119,PROD00095,CUST00519,2026-09-20 20:50:22,1,Damaged,33458.29,Rejected,Pending,2026-09-21 16:17:56
RET00283,ORD09926,PROD00112,CUST00644,2026-04-15 06:06:59,2,Incorrect Size,4641.68,Requested,Failed,2026-04-28 00:04:37
RET00284,ORD01105,PROD00106,CUST00886,2026-03-05 16:45:20,3,Changed Mind,1447.87,Completed,,2026-05-21 19:33:00
RET00285,ORD00607,PROD00024,CUST00025,2026-07-26 17:45:28,1,Damaged,27224.97,Completed,Processed,2026-07-27 23:03:05
RET00286,ORD05277,PROD00171,CUST00179,2026-05-03 20:14:26,1,Damaged,-23757.6,Completed,Failed,2026-06-03 11:42:46
RET00287,ORD05935,PROD00164,CUST00380,2025-08-22 03:18:47,1,Incorrect Size,36156.69,Rejected,Pending,2026-04-02 03:48:21
RET00288,ORD04278,PROD00153,CUST_INVALID,2026-08-23 02:25:01,2,Damaged,33348.36,Requested,,2026-08-30 23:59:04
RET00289,ORD07135,PROD00045,CUST00863,2025-12-08 11:22:25,3,Damaged,55065.2,Approved,Processed,2026-08-29 13:00:09
RET00290,ORD09100,PROD00061,CUST00582,2026-07-19 21:32:36,1,Quality Issue,467.16,Requested,Pending,2026-08-26 05:42:08
RET00291,ORD00773,PROD00143,CUST00136,2025-07-29 16:12:40,5,Quality Issue,91946.01,Approved,Failed,2025-10-03 11:56:56
RET00292,ORD03228,PROD00127,CUST00642,2026-06-25 16:54:36,3,Incorrect Size,21815.76,Rejected,Pending,2026-07-18 18:53:16
RET00293,ORD09193,PROD00156,CUST00135,2026-02-14 16:14:39,1,Wrong Item,34604.81,Requested,Pending,2026-08-11 22:08:58
RET00294,ORD05836,PROD00193,CUST00060,2026-08-22 03:43:13,3,Changed Mind,73670.54,Requested,Failed,2026-09-10 19:45:02
RET00295,ORD09987,PROD00092,CUST00194,2026-07-18 23:53:16,4,Changed Mind,46894.14,Completed,Processed,2026-08-09 19:13:48
RET00296,ORD07263,PROD00071,CUST00332,2026-07-26 18:39:42,4,,36709.14,Completed,Failed,2026-08-03 02:38:00
RET00297,ORD03114,PROD00159,CUST00711,2026-07-13 21:04:20,1,,12762.58,Rejected,Pending,2026-08-31 08:00:32
RET00298,ORD05128,PROD00085,CUST00799,2026-09-14 12:04:43,1,Damaged,37184.2,Requested,Failed,2026-09-19 17:00:39
RET00299,ORD05380,PROD00143,CUST00507,2026-09-10 12:33:01,2,Quality Issue,42714.36,Requested,Pending,2026-09-11 08:22:23
RET00300,ORD00832,PROD00031,CUST00991,2026-08-01 17:19:14,1,Quality Issue,37125.75,Approved,,2026-08-13 10:32:51
RET00301,ORD08052,PROD00093,CUST00506,2026-01-05 01:08:10,1,Incorrect Size,15745.05,Completed,Processed,2026-08-08 13:59:37
RET00302,ORD02085,PROD00156,CUST00803,2026-06-20 13:34:05,3,,104179.34,Requested,Processed,2026-09-04 15:45:54
RET00303,ORD06752,PROD00097,CUST00155,2025-03-02 09:04:45,2,Wrong Item,67202.11,Rejected,Pending,2026-09-19 18:14:45
RET00304,ORD01769,PROD00188,CUST00450,2025-04-30 12:16:57,3,,72612.17,Rejected,,2025-08-25 08:20:46
RET00305,ORD04505,PROD00136,CUST00861,2025-04-26 15:11:54,3,Damaged,29906.29,Approved,Failed,2026-06-11 07:15:39
RET00306,ORD07813,PROD00121,CUST00249,2025-04-07 04:57:37,4,Damaged,171996.71,Requested,,2026-09-14 23:05:39
RET00307,ORD00091,PROD00046,CUST00185,2025-06-30 06:11:08,2,Changed Mind,60136.38,Requested,,2026-09-23 01:46:48
RET00308,ORD06895,PROD00045,CUST00113,2025-03-09 07:49:25,2,,40285.59,Rejected,Pending,2026-09-22 23:55:41
RET00309,ORD02721,PROD00105,CUST00071,2026-08-04 04:48:24,3,Changed Mind,49864.88,Completed,,2026-08-11 15:01:09
RET00310,ORD09776,PROD00177,CUST00559,2026-01-19 15:14:45,1,,34620.94,Approved,Pending,2026-04-22 13:54:34
RET00311,ORD02905,PROD00079,CUST00976,2026-09-11 03:58:32,2,Incorrect Size,88334.18,Rejected,,2026-09-20 02:46:57
RET00312,ORD02213,PROD00181,CUST00097,2026-07-25 23:29:18,1,,20426.2,Rejected,Processed,2026-09-14 05:12:23
RET00313,ORD02404,PROD00025,CUST00889,2026-09-08 09:23:32,2,Wrong Item,25345.35,Requested,Pending,2026-09-09 11:24:36
RET00314,ORD09266,PROD00087,CUST00105,2026-07-28 06:05:18,4,Changed Mind,25268.24,Completed,Pending,2026-09-05 05:00:43
RET00315,ORD00604,PROD00074,CUST00039,2025-08-15 11:41:27,2,Damaged,42668.07,Rejected,Processed,2025-10-08 12:30:32
RET00316,ORD03804,PROD00131,CUST00153,2026-07-08 21:12:02,5,Damaged,27078.17,Requested,,2026-08-11 17:07:39
RET00317,ORD06435,PROD00142,CUST00913,2025-08-22 11:40:17,3,Incorrect Size,137058.89,Rejected,Processed,2026-09-09 15:23:36
RET00318,ORD01603,PROD00025,CUST00998,2026-09-15 18:14:17,2,Changed Mind,22705.69,Approved,Processed,2026-09-21 23:54:35
RET00319,ORD04539,PROD00008,CUST00033,2026-07-19 01:30:25,1,Wrong Item,48120.04,Completed,,2026-09-10 20:43:19
RET00320,ORD04478,PROD00164,CUST00469,2026-03-27 00:04:35,1,Damaged,35747.79,Rejected,Failed,2026-08-23 17:42:05
RET00321,ORD08356,PROD00134,CUST00534,2025-08-28 05:16:22,1,Damaged,10625.18,Completed,Processed,2026-05-07 21:52:23
RET00322,ORD06180,PROD00184,CUST00047,2025-11-27 18:44:04,1,,-19721.95,Approved,Pending,2026-08-09 11:06:23
RET00323,ORD00014,PROD00183,CUST00139,2026-05-23 19:37:10,1,,-3635.68,Completed,Failed,2026-09-08 13:06:41
RET00324,ORD04582,PROD00134,CUST00032,2026-07-28 18:49:30,1,,10062.3,Requested,Pending,2026-09-07 15:20:12
RET00325,ORD02471,PROD00131,CUST00487,2026-09-01 15:24:37,2,Wrong Item,9864.97,Requested,,2026-09-05 17:09:53
RET00326,ORD02761,PROD00046,CUST00055,2026-08-17 14:02:30,2,Damaged,55630.42,Rejected,Processed,2026-08-29 05:14:26
RET00327,ORD04550,PROD00016,CUST00930,2026-03-11 23:03:52,1,Damaged,38971.45,Requested,Failed,2026-06-20 17:12:30
RET00328,ORD01073,PROD_INVALID,CUST00787,2026-07-24 03:23:31,2,Changed Mind,1046.85,Rejected,,2026-08-01 23:36:10
RET00329,ORD03373,PROD00031,CUST00750,2025-03-24 05:27:10,2,Damaged,67603.06,Approved,,2026-04-14 03:09:40
RET00330,ORD08574,PROD00169,CUST00982,2026-02-15 16:45:57,2,Incorrect Size,8835.46,Approved,Pending,2026-07-28 11:47:46
RET00331,ORD05516,PROD00188,CUST00687,2026-08-01 17:52:00,1,Quality Issue,30556.79,Completed,Processed,2026-08-23 18:24:12
RET00332,ORD08728,PROD00038,CUST00857,2026-09-22 23:50:06,2,Quality Issue,102500.8,Completed,Pending,2026-09-23 17:13:05
RET00333,ORD04445,PROD00095,CUST00444,2026-07-28 22:36:07,1,Wrong Item,39483.94,Rejected,,2026-08-10 16:16:19
RET00334,ORD08406,PROD00158,CUST00347,2026-03-02 12:31:26,5,Wrong Item,90660.27,Approved,,2026-04-10 14:49:25
RET00335,ORD09602,PROD00154,CUST00838,2025-07-18 17:53:42,1,Wrong Item,42460.99,Approved,Failed,2026-09-17 01:10:06
RET00336,ORD06570,PROD00183,CUST00759,2025-09-05 15:13:01,1,Incorrect Size,6471.18,Requested,Failed,2026-06-22 11:55:31
RET00337,ORD03358,PROD00007,CUST00309,2026-05-24 22:44:50,2,Changed Mind,27313.28,Completed,Pending,2026-06-28 09:10:44
RET00338,ORD01134,PROD00040,CUST00380,2026-08-04 01:11:11,4,Wrong Item,112914.66,Approved,Failed,2026-09-09 04:53:20
RET00339,ORD03150,PROD00089,CUST00601,2025-10-12 05:24:16,5,,73466.1,Completed,Pending,2026-05-26 15:49:10
RET00340,ORD08363,PROD00039,CUST00553,2026-04-28 22:56:02,3,Damaged,101741.48,Rejected,Processed,2026-07-01 10:52:51
RET00341,ORD00271,PROD00178,CUST00528,2026-01-23 15:35:20,2,,26442.26,Requested,,2026-08-31 00:51:28
RET00342,ORD04599,PROD00045,CUST00293,2025-12-09 07:58:21,1,Damaged,18925.94,Completed,Failed,2026-04-18 13:44:01
RET00343,ORD00688,PROD00142,CUST00919,2026-09-22 23:11:39,3,Incorrect Size,143258.67,Rejected,Pending,2026-09-24 12:10:35
RET00344,ORD02599,PROD00101,CUST00770,2026-05-11 14:51:45,1,,2145.32,Requested,,2026-06-07 13:34:31
RET00345,ORD01775,PROD00001,CUST00069,2026-08-10 19:10:19,1,Incorrect Size,31127.33,Approved,,2026-08-23 08:11:08
RET00346,ORD09660,PROD00182,CUST00809,2025-09-30 16:44:33,2,Quality Issue,47430.4,Requested,Failed,2026-07-11 19:58:06
RET00347,ORD02913,PROD00121,CUST00643,2026-05-31 05:29:15,4,Changed Mind,187969.99,Approved,Failed,2026-08-28 00:00:21
RET00348,ORD00197,PROD00022,CUST00340,2026-03-17 07:03:28,2,Changed Mind,58653.44,Requested,Pending,2026-07-02 04:12:09
RET00349,ORD04794,PROD00137,CUST00516,2026-09-08 10:53:29,1,Incorrect Size,-10628.65,Requested,Pending,2026-09-13 21:02:35
RET00350,ORD01512,PROD00026,CUST00761,2026-06-03 17:14:43,3,Damaged,21452.02,Rejected,,2026-06-14 11:13:55
RET00351,ORD05611,PROD00179,CUST00907,2026-06-28 18:19:52,1,Wrong Item,33135.12,Rejected,Failed,2026-08-02 23:47:18
RET00352,ORD05690,PROD00034,CUST00455,2026-06-05 14:19:20,1,Changed Mind,39520.44,Requested,,2026-07-31 02:33:15
RET00353,ORD07869,PROD00038,CUST00233,2026-06-29 23:53:11,4,Quality Issue,184122.9,Requested,Failed,2026-08-19 19:54:03
RET00354,ORD06457,PROD00115,CUST00794,2026-02-08 02:39:25,3,Damaged,40244.9,Completed,Pending,2026-02-10 15:40:32
RET00355,ORD09578,PROD00114,CUST00543,2026-02-24 21:01:20,1,Quality Issue,3718.4,Completed,Failed,2026-03-20 20:34:40
RET00356,ORD02017,PROD00158,CUST00849,2026-04-27 09:37:54,1,Quality Issue,16139.32,Rejected,Processed,2026-08-23 23:47:03
RET00357,ORD02627,PROD00187,CUST00639,2026-09-19 16:21:32,1,,5133.39,Requested,Pending,2026-09-20 11:30:16
RET00358,ORD08334,PROD00192,CUST00690,2026-06-14 06:49:47,3,Quality Issue,127853.85,Requested,Failed,2026-09-06 09:24:09
RET00359,ORD07735,PROD00093,CUST00213,2026-07-03 07:10:42,1,Quality Issue,15616.63,Completed,Processed,2026-09-11 09:48:57
RET00360,ORD00974,PROD00169,CUST00202,2025-10-16 08:51:41,2,Changed Mind,8998.41,Completed,Pending,2026-06-14 22:13:41
RET00361,ORD03859,PROD00102,CUST00315,2026-06-26 18:48:05,2,,44539.59,Requested,Pending,2026-09-11 02:45:29
RET00362,ORD00182,PROD00087,CUST00024,2025-10-25 21:42:40,3,Incorrect Size,22088.53,Approved,Failed,2026-05-25 20:03:12
RET00363,ORD06967,PROD00143,CUST00339,2025-11-20 10:23:00,1,Quality Issue,-17941.17,Approved,Processed,2025-11-23 04:01:48
RET00364,ORD02582,PROD00036,CUST00652,2026-04-13 08:30:05,1,Changed Mind,3212.5,Requested,,2026-07-22 23:26:32
RET00365,ORD03029,PROD00102,CUST00466,2026-09-07 09:52:34,3,Damaged,71775.85,Rejected,Processed,2026-09-23 03:00:35
RET00366,ORD04948,PROD00055,CUST00419,2025-09-12 18:52:11,1,Quality Issue,21997.7,Approved,Failed,2026-05-03 19:00:33
RET00367,ORD01961,PROD00105,CUST00643,2026-01-07 22:37:01,1,Changed Mind,18856.81,Rejected,Pending,2026-07-20 01:41:12
RET00368,ORD07979,PROD00035,CUST00113,2025-11-16 11:47:32,2,Changed Mind,12857.82,Rejected,Failed,2026-07-17 00:41:55
RET00369,ORD09888,PROD00091,CUST00468,2026-08-31 07:39:26,1,Changed Mind,34673.6,Approved,Failed,2026-09-20 11:03:38
RET00370,ORD09980,PROD00142,CUST00376,2026-09-07 19:18:26,1,Wrong Item,42372.11,Approved,Failed,2026-09-12 01:34:37
RET00371,ORD01003,PROD00031,CUST00845,2026-03-27 20:58:54,5,Incorrect Size,168094.61,Completed,,2026-05-17 18:38:57
RET00372,ORD07268,PROD00032,CUST00299,2026-09-16 07:57:11,2,Wrong Item,56475.62,Approved,Processed,2026-09-17 08:32:22
RET00373,ORD01997,PROD00024,CUST00339,2026-04-27 18:50:45,3,Damaged,81369.49,Requested,Pending,2026-06-26 17:02:35
RET00374,ORD09040,PROD00068,CUST00999,2026-03-07 18:43:43,2,,641.83,Requested,Failed,2026-06-16 05:38:37
RET00375,ORD04891,PROD00114,CUST00030,2025-03-28 11:48:27,1,Quality Issue,3309.64,Completed,Processed,2026-03-03 12:27:46
RET00376,ORD03858,PROD00060,CUST00963,2026-06-18 20:18:38,3,Incorrect Size,133249.14,Approved,Pending,2026-09-05 23:54:49
RET00377,ORD02478,PROD00144,CUST00870,2026-06-04 16:25:55,2,Incorrect Size,5817.5,Rejected,Failed,2026-08-02 02:29:07
RET00378,ORD04358,PROD00127,CUST00767,2026-09-02 13:17:50,1,Quality Issue,7152.57,Requested,Pending,2026-09-17 18:55:47
RET00379,ORD04875,PROD00071,CUST00666,2026-09-19 14:26:04,1,Damaged,9132.51,Approved,Failed,2026-09-20 17:42:37
RET00380,ORD02827,PROD00110,CUST00815,2026-07-01 05:41:26,1,,6845.45,Rejected,Failed,2026-07-30 19:18:14
RET00381,ORD06477,PROD00188,CUST00711,2026-05-01 11:03:14,3,Quality Issue,82437.19,Completed,Pending,2026-08-16 09:46:49
RET00382,ORD06076,PROD00084,CUST00517,2026-08-20 01:32:29,2,Incorrect Size,77306.2,Approved,,2026-09-02 11:57:48
RET00383,ORD04660,PROD00115,CUST00567,2026-09-04 10:00:16,2,Changed Mind,24912.04,Completed,Pending,2026-09-09 09:38:16
RET00384,ORD02879,PROD00011,CUST00136,2026-07-12 00:12:42,1,Incorrect Size,4492.05,Requested,Processed,2026-08-16 08:41:53
RET00385,ORD07800,PROD00105,CUST00299,2025-12-14 10:37:53,5,Damaged,95024.1,Completed,Failed,2026-04-15 05:10:40
RET00386,ORD05201,PROD00017,CUST00656,2026-06-11 12:47:07,1,,3570.15,Approved,Failed,2026-06-26 14:03:52
RET00387,ORD09366,PROD00189,CUST00545,2026-09-21 08:49:21,1,Wrong Item,14155.0,Approved,Pending,2026-09-22 02:16:18
RET00388,ORD08483,PROD00011,CUST00252,2026-07-28 09:42:48,2,Changed Mind,10279.66,Rejected,Failed,2026-08-16 19:39:14
RET00389,ORD03210,PROD00045,CUST00093,2026-08-23 07:11:59,3,,59438.76,Rejected,Processed,2026-08-31 08:44:08
RET00390,ORD03075,PROD00149,CUST00253,2025-09-04 13:45:58,1,Damaged,21000.91,Rejected,Processed,2026-02-04 05:47:45
RET00391,ORD07646,PROD00051,CUST00839,2026-05-12 14:47:13,1,Incorrect Size,40820.44,Requested,Pending,2026-09-04 18:25:53
RET00392,ORD00749,PROD00105,CUST00321,2026-08-24 01:08:27,2,Incorrect Size,37743.0,Completed,Failed,2026-09-21 20:04:33
RET00393,ORD03736,PROD00080,CUST00558,2025-02-26 23:07:24,4,,785.63,Completed,Pending,2026-05-14 05:07:02
RET00394,ORD09671,PROD00135,CUST00507,2026-06-03 22:49:36,1,Wrong Item,19469.69,Completed,Pending,2026-09-09 14:21:07
RET00395,ORD04636,PROD00119,CUST00134,2026-03-23 03:17:04,1,Wrong Item,48443.54,Requested,Pending,2026-04-15 12:46:32
RET00396,ORD02721,PROD00105,CUST00071,2026-09-02 12:36:15,1,Damaged,16621.63,Completed,,2026-09-09 07:22:00
RET00397,ORD07024,PROD00102,CUST00994,2025-09-26 11:52:29,1,Wrong Item,22771.31,Rejected,,2026-01-27 16:14:17
RET00398,ORD09357,PROD00173,CUST00823,2026-02-19 07:32:55,3,Quality Issue,101110.84,Requested,Pending,2026-08-10 16:57:15
RET00399,ORD05883,PROD00074,CUST00331,2025-07-18 13:08:08,2,Quality Issue,43354.69,Approved,Failed,2026-03-22 15:39:55
RET00400,ORD02183,PROD00026,CUST00242,2025-12-25 22:49:31,4,,31033.62,Approved,Processed,2026-08-22 12:54:13
RET00401,ORD09504,PROD00064,CUST00839,2026-07-14 16:45:59,3,Quality Issue,108771.24,Rejected,Pending,2026-09-12 00:18:53
RET00402,ORD05069,PROD00071,CUST00454,2026-06-16 05:31:24,2,Quality Issue,19355.15,Completed,,2026-07-22 00:35:13
RET00403,ORD03753,PROD_INVALID,CUST00173,2026-01-25 09:33:06,1,Incorrect Size,476.45,Completed,Processed,2026-03-24 22:16:09
RET00404,ORD04088,PROD00166,CUST00830,2026-07-20 09:54:43,3,Incorrect Size,92969.8,Rejected,Pending,2026-07-23 13:37:21
RET00405,ORD00678,PROD00121,CUST00742,2026-05-28 21:36:36,1,,41843.99,Rejected,,2026-09-20 16:20:04
RET00406,ORD00345,PROD00183,CUST00855,2025-11-25 19:27:29,3,Quality Issue,20259.94,Rejected,Pending,2026-02-25 21:03:58
RET00407,ORD02842,PROD00120,CUST00371,2026-03-20 18:31:24,2,Wrong Item,65096.91,Approved,Processed,2026-08-14 22:24:03
RET00408,ORD07844,PROD00047,CUST00942,2026-03-03 18:53:35,1,Changed Mind,10846.4,Approved,Processed,2026-08-26 09:34:18
RET00409,ORD08921,PROD00157,CUST00014,2025-12-18 03:44:54,2,Wrong Item,54406.64,Approved,Failed,2025-12-22 15:47:07
RET00410,ORD02135,PROD00141,CUST00395,2026-02-12 16:23:41,2,Quality Issue,-35962.28,Requested,Failed,2026-05-22 00:06:49
RET00411,ORD00646,PROD00065,CUST00147,2026-08-08 19:51:56,1,Quality Issue,1030.72,Approved,Failed,2026-09-21 11:53:13
RET00412,ORD05768,PROD00037,CUST00600,2026-08-09 18:07:12,1,Damaged,53340.55,Approved,Failed,2026-08-21 02:12:43
RET00413,ORD01979,PROD00099,CUST_INVALID,2025-12-24 17:30:05,1,Incorrect Size,29561.43,Completed,,2026-07-31 15:03:32
RET00414,ORD04142,PROD00165,CUST00818,2025-07-01 01:21:50,1,Quality Issue,5901.06,Requested,Processed,2026-03-15 13:33:35
RET00415,ORD04415,PROD00191,CUST00220,2026-01-29 00:29:55,2,Wrong Item,82867.11,Approved,Failed,2026-08-21 09:05:19
RET00416,ORD00840,PROD00101,CUST00038,2025-12-30 18:22:36,2,Quality Issue,4782.09,Approved,Pending,2026-01-06 08:11:04
RET00417,ORD00704,PROD00114,CUST00301,2026-09-05 01:38:26,1,,3208.36,Requested,Pending,2026-09-16 05:31:11
RET00418,ORD04318,PROD00147,CUST00390,2026-01-16 02:21:41,3,Wrong Item,89907.38,Completed,Processed,2026-08-25 06:41:11
RET00419,ORD05397,PROD00181,CUST00447,2026-07-09 06:14:34,4,Damaged,79333.96,Completed,Processed,2026-07-19 03:00:16
RET00420,ORD00730,PROD00054,CUST00387,2025-08-31 18:43:21,1,Changed Mind,21978.88,Requested,Pending,2026-02-08 02:32:56
RET00421,ORD09218,PROD00105,CUST00910,2026-06-02 21:52:47,1,Wrong Item,18419.01,Completed,Processed,2026-09-10 20:43:16
RET00422,ORD02408,PROD00042,CUST00625,2026-05-01 18:30:03,2,Incorrect Size,47425.32,Rejected,Pending,2026-07-14 09:44:59
RET00423,ORD08764,PROD00026,CUST00021,2026-03-21 16:59:28,1,Incorrect Size,8042.43,Rejected,Processed,2026-03-23 09:04:04
RET00424,ORD05204,PROD00005,CUST00086,2025-07-30 12:29:19,2,Changed Mind,36385.26,Completed,Processed,2025-09-26 22:25:07
RET00425,ORD06479,PROD00190,CUST00536,2026-03-16 20:05:44,5,Quality Issue,-67548.38,Rejected,Processed,2026-03-21 21:23:51
RET00426,ORD01635,PROD00063,CUST00093,2026-05-16 22:50:31,2,,3541.31,Requested,Pending,2026-06-03 05:51:20
RET00427,ORD05093,PROD00036,CUST00548,2026-09-11 10:38:49,4,Changed Mind,13370.69,Approved,Pending,2026-09-21 21:49:19
RET00428,ORD02218,PROD00080,CUST00379,2026-06-12 21:33:46,2,Changed Mind,435.08,Approved,Pending,2026-06-13 11:23:42
RET00429,ORD00721,PROD00198,CUST00597,2025-12-24 16:37:44,1,Damaged,15995.57,Requested,,2026-04-14 11:18:59
RET00430,ORD03150,PROD00089,CUST00601,2026-06-09 14:20:36,5,Quality Issue,73466.1,Requested,Failed,2026-09-14 14:14:59
RET00431,ORD08922,PROD00043,CUST00296,2026-06-27 08:46:47,2,,22113.36,Rejected,Pending,2026-09-16 02:09:37
RET00432,ORD01689,PROD00157,CUST00133,2026-03-12 19:53:34,3,Wrong Item,81443.43,Completed,Failed,2026-08-31 15:34:53
RET00433,ORD00360,PROD00036,CUST00128,2026-06-21 09:01:18,2,Changed Mind,6966.66,Approved,Processed,2026-08-03 22:43:25
RET00434,ORD00693,PROD00117,CUST00531,2026-08-24 11:28:46,2,Incorrect Size,33623.82,Approved,Failed,2026-09-11 13:51:02
RET00435,ORD09932,PROD00046,CUST00718,2026-07-13 10:14:15,1,Incorrect Size,26187.17,Requested,Processed,2026-07-15 09:03:12
RET00436,ORD08452,PROD00153,CUST00626,2026-04-25 10:05:56,2,Quality Issue,27952.88,Requested,Pending,2026-05-05 12:02:25
RET00437,ORD03035,PROD00093,CUST00078,2025-03-15 03:17:37,2,,29933.39,Completed,,2025-10-20 14:14:04
RET00438,ORD05419,PROD00133,CUST00408,2026-07-22 15:17:08,1,Wrong Item,26160.06,Completed,Failed,2026-08-05 20:28:22
RET00439,ORD00922,PROD00156,CUST00289,2025-08-13 21:40:46,2,Incorrect Size,72073.51,Completed,Processed,2026-02-22 13:59:14
RET00440,ORD03591,PROD00036,CUST00938,2026-09-15 11:16:16,2,Damaged,7092.42,Completed,Processed,2026-09-23 05:51:49
RET00441,ORD00689,PROD00178,CUST00204,2026-04-17 21:51:55,1,Damaged,-14613.97,Completed,,2026-08-28 18:06:45
RET00442,ORD03816,PROD00165,CUST00811,2026-08-24 22:18:43,2,,10881.59,Rejected,Processed,2026-09-23 21:14:55
RET00443,ORD04183,PROD00035,CUST00056,2026-05-26 19:52:59,3,Quality Issue,20012.44,Rejected,Failed,2026-06-25 01:20:02
RET00444,ORD05493,PROD00112,CUST00771,2025-08-13 17:50:03,1,,2417.72,Approved,Processed,2026-07-14 02:23:56
RET00445,ORD07004,PROD00112,CUST00870,2025-12-02 02:51:22,1,Incorrect Size,2340.11,Requested,Processed,2026-04-29 03:53:50
RET00446,ORD05062,PROD00011,CUST00352,2026-02-10 20:22:23,1,Incorrect Size,4584.12,Approved,Failed,2026-06-25 15:11:38
RET00447,ORD07303,PROD00004,CUST00407,2026-07-22 09:53:23,2,,53390.67,Requested,Pending,2026-08-22 14:19:56
RET00448,ORD03531,PROD00032,CUST00812,2026-03-30 10:32:42,1,Wrong Item,27787.2,Rejected,Processed,2026-04-09 07:32:13
RET00449,ORD01106,PROD00069,CUST00080,2026-05-04 02:10:57,2,Wrong Item,709.11,Approved,,2026-06-28 01:09:00
RET00450,ORD04173,PROD00141,CUST00834,2026-05-25 14:53:20,1,Quality Issue,35976.78,Approved,,2026-06-04 05:03:04
RET00451,ORD06089,PROD00169,CUST00906,2026-09-17 00:57:30,1,Wrong Item,4323.58,Approved,,2026-09-21 04:06:38
RET00452,ORD07348,PROD00078,CUST00297,2026-07-04 05:52:23,2,Changed Mind,-33575.78,Requested,Failed,2026-08-03 09:34:24
RET00453,ORD01993,PROD00130,CUST00580,2026-09-01 11:48:49,2,,24526.56,Requested,,2026-09-09 02:54:30
RET00454,ORD03236,PROD00199,CUST00424,2026-06-21 20:33:08,1,Quality Issue,27991.92,Completed,Processed,2026-08-05 13:25:29
RET00455,ORD06100,PROD00064,CUST00556,2025-11-16 05:28:15,1,Damaged,34642.18,Approved,Pending,2026-01-02 15:28:00
RET00456,ORD06283,PROD00121,CUST00593,2025-11-30 20:44:44,1,Quality Issue,47234.16,Approved,,2026-02-05 23:47:45
RET00457,ORD00725,PROD00079,CUST00297,2026-07-25 23:46:34,7,Damaged,309459.91,Approved,Failed,2026-08-22 15:50:31
RET00458,ORD02383,PROD00153,CUST00586,2025-12-10 18:37:01,1,Quality Issue,14436.23,Rejected,Processed,2026-02-17 00:45:41
RET00459,ORD09205,PROD00088,CUST00169,2026-06-26 20:18:03,1,Changed Mind,26760.93,Approved,Failed,2026-09-06 16:24:05
RET00460,ORD00363,PROD00084,CUST00088,2025-11-17 00:22:02,3,Wrong Item,110669.63,Completed,Processed,2026-04-18 13:48:27
RET00461,ORD07004,PROD00112,CUST00870,2026-08-09 13:24:39,2,,4680.23,Requested,,2026-09-02 11:07:10
RET00462,ORD02494,PROD00054,CUST00436,2026-01-31 21:40:32,3,Incorrect Size,60426.89,Rejected,,2026-09-15 10:35:30
RET00463,ORD00794,PROD00190,CUST00590,2026-09-22 18:04:32,4,Damaged,174615.59,Rejected,Pending,2026-09-24 02:31:58
RET00464,ORD02434,PROD00178,CUST00654,2026-07-28 12:20:44,1,,14529.37,Rejected,Pending,2026-09-02 09:54:49
RET00465,ORD06366,PROD00106,CUST00898,2026-05-29 00:30:59,1,Quality Issue,496.65,Approved,Processed,2026-08-14 03:46:19
RET00466,ORD02160,PROD00083,CUST00367,2026-01-03 14:08:46,1,Damaged,38223.27,Requested,Processed,2026-05-05 12:16:59
RET00467,ORD02193,PROD00139,CUST00290,2026-06-19 13:11:16,3,,110818.17,Requested,Processed,2026-09-21 00:36:43
RET00468,ORD05087,PROD00129,CUST00241,2025-10-21 11:02:51,2,Damaged,39984.19,Completed,Failed,2026-05-28 21:58:36
RET00469,ORD01176,PROD00088,CUST00180,2026-09-15 16:41:23,1,Incorrect Size,26444.73,Rejected,Processed,2026-09-19 05:11:24
RET00470,ORD05550,PROD00031,CUST00621,2026-01-15 15:28:09,1,,37917.94,Approved,,2026-03-12 12:41:53
RET00471,ORD07074,PROD00042,CUST00245,2026-08-17 22:38:31,1,Changed Mind,24023.21,Approved,Pending,2026-09-14 09:00:48
RET00472,ORD09632,PROD00103,CUST00091,2026-08-31 23:27:50,1,Damaged,-28824.83,Approved,Failed,2026-09-07 10:49:07
RET00473,ORD01483,PROD00021,CUST00024,2025-09-15 03:23:02,2,Wrong Item,86793.9,Completed,Processed,2025-12-07 17:58:39
RET00474,ORD07552,PROD00157,CUST00471,2025-05-07 18:42:21,1,Wrong Item,20322.96,Completed,,2026-06-07 09:45:06
RET00475,ORD05215,PROD00178,CUST00872,2026-07-08 14:22:44,4,Damaged,59132.56,Completed,,2026-08-02 04:35:18
RET00476,ORD04934,PROD00148,CUST00509,2026-08-19 06:58:25,1,Incorrect Size,43310.1,Requested,Processed,2026-09-19 21:48:44
RET00477,ORD04471,PROD00141,CUST00874,2026-04-04 12:31:48,1,Incorrect Size,35157.69,Completed,Pending,2026-08-15 01:01:54
RET00478,ORD07553,PROD00077,CUST00603,2026-06-15 03:06:48,1,Wrong Item,23534.94,Rejected,,2026-07-05 12:20:41
RET00479,ORD07675,PROD00071,CUST00435,2026-09-03 21:46:22,3,Incorrect Size,30051.86,Rejected,Pending,2026-09-16 19:04:36
RET00480,ORD04067,PROD00196,CUST00345,2025-09-19 19:02:03,1,Wrong Item,48778.12,Completed,Processed,2026-01-10 12:58:51
RET00481,ORD07087,PROD00186,CUST00181,2025-08-29 13:06:12,1,Incorrect Size,514.72,Approved,,2026-03-31 17:21:26
RET00482,ORD00325,PROD00180,CUST00878,2026-09-02 11:21:23,1,Damaged,25095.82,Approved,Failed,2026-09-06 22:25:50
RET00483,ORD03061,PROD00121,CUST00945,2025-08-20 10:00:18,1,Changed Mind,42447.85,Approved,Pending,2025-10-01 08:15:49
RET00484,ORD07816,PROD00120,CUST00973,2026-03-07 10:20:25,1,Quality Issue,36881.15,Completed,,2026-07-13 17:04:31
RET00485,ORD00854,PROD00172,CUST00828,2026-09-01 00:06:41,4,,131120.1,Approved,,2026-09-01 17:26:26
RET00486,ORD03014,PROD00113,CUST00451,2026-08-28 15:55:17,1,Incorrect Size,39680.57,Rejected,Pending,2026-09-13 03:35:47
RET00487,ORD07520,PROD00077,CUST00714,2025-12-06 02:43:04,1,Quality Issue,23056.9,Completed,Failed,2026-03-04 15:14:28
RET00488,ORD04675,PROD00053,CUST00934,2026-09-17 00:52:43,4,Incorrect Size,39747.96,Rejected,,2026-09-19 01:54:33
RET00489,ORD08551,PROD00165,CUST00485,2026-01-04 01:22:40,1,Damaged,4857.26,Completed,Failed,2026-07-12 14:15:06
RET00490,ORD02878,PROD00197,CUST00738,2026-09-22 00:37:50,1,Incorrect Size,33359.95,Requested,,2026-09-24 18:28:42
RET00491,ORD00274,PROD00028,CUST00836,2026-01-22 04:31:23,4,Damaged,671.41,Rejected,Failed,2026-03-14 09:14:24
RET00492,ORD03836,PROD00044,CUST00624,2026-08-01 18:54:36,1,Damaged,518.56,Approved,Pending,2026-08-18 11:45:27
RET00493,ORD01820,PROD00058,CUST00300,2026-09-09 16:58:00,2,Quality Issue,42554.43,Rejected,Pending,2026-09-10 03:30:29
RET00494,ORD07660,PROD00076,CUST00154,2026-06-12 16:28:04,2,Incorrect Size,5097.68,Approved,Processed,2026-07-10 03:10:52
RET00495,ORD09860,PROD00170,CUST00139,2026-06-26 19:36:47,1,Wrong Item,39849.39,Requested,Processed,2026-07-05 18:29:50
RET00496,ORD09947,PROD00092,CUST00158,2026-08-30 23:12:40,3,,31865.37,Approved,Failed,2026-09-19 22:31:36
RET00497,ORD05142,PROD00040,CUST00244,2026-03-12 16:37:29,1,,27116.83,Approved,Processed,2026-05-04 09:01:24
RET00498,ORD04512,PROD00019,CUST00856,2025-08-07 07:14:39,3,Wrong Item,8349.08,Completed,Failed,2026-06-25 03:29:22
RET00499,ORD09180,PROD00008,CUST00081,2026-02-01 09:12:10,1,Quality Issue,46121.23,Rejected,Failed,2026-07-25 14:48:53
RET00500,ORD05870,PROD00014,CUST00337,2026-07-15 12:32:06,4,Changed Mind,132185.47,Completed,Processed,2026-08-28 16:06:32
RET00501,ORD05043,PROD00146,CUST00305,2026-04-30 01:58:10,1,Quality Issue,43976.72,Approved,,2026-07-27 23:54:47
RET00502,ORD03390,PROD00048,CUST00594,2026-01-28 08:56:09,1,,11331.23,Requested,Failed,2026-03-26 02:56:35
RET00503,ORD07070,PROD00092,CUST00053,2025-12-16 18:58:19,3,Incorrect Size,36532.29,Requested,Failed,2025-12-23 06:24:56
RET00504,ORD08553,PROD00037,CUST00518,2025-08-10 09:15:42,1,,43717.59,Requested,,2026-08-02 11:56:39
RET00505,ORD02196,PROD00198,CUST00057,2026-06-19 22:20:20,2,Incorrect Size,29570.0,Requested,Processed,2026-07-19 21:44:24
RET00506,ORD09481,PROD00157,CUST00330,2026-08-08 21:47:31,2,,48212.22,Requested,Pending,2026-08-30 06:58:08
RET00507,ORD06755,PROD00040,CUST00103,2026-06-27 00:55:08,1,Damaged,30267.94,Requested,Processed,2026-07-29 17:20:02
RET00508,ORD02150,PROD00195,CUST00054,2026-02-23 08:23:33,1,Damaged,14169.35,Approved,Pending,2026-09-04 07:58:29
RET00509,ORD04243,PROD00045,CUST00819,2026-05-29 11:51:14,1,Quality Issue,-42934.29,Requested,Pending,2026-07-09 13:00:32
RET00510,ORD07229,PROD00137,CUST00962,2025-03-09 00:13:32,1,Quality Issue,12601.0,Rejected,Processed,2025-07-13 15:13:13
RET00511,ORD06002,PROD00025,CUST00272,2025-07-19 09:11:04,2,,-10548.49,Approved,Processed,2026-09-23 19:19:06
RET00512,ORD00645,PROD00154,CUST00329,2026-08-05 14:51:18,1,Changed Mind,42488.77,Requested,,2026-09-23 12:48:43
RET00513,ORD04961,PROD00075,CUST00897,2026-05-27 08:20:20,2,Incorrect Size,14721.5,Approved,Pending,2026-08-14 00:03:36
RET00514,ORD06743,PROD00159,CUST00455,2026-08-19 01:08:37,1,,10611.51,Approved,Failed,2026-09-24 18:56:19
RET00515,ORD07178,PROD00018,CUST00574,2026-08-16 23:22:41,1,Quality Issue,-10306.95,Completed,Processed,2026-09-19 04:43:52
RET00516,ORD02163,PROD00140,CUST00633,2026-04-20 11:02:57,5,Damaged,14899.25,Approved,Failed,2026-06-13 18:48:45
RET00517,ORD05735,PROD00091,CUST00844,2026-09-10 20:56:52,1,Wrong Item,37877.61,Approved,,2026-09-18 10:22:21
RET00518,ORD08343,PROD00154,CUST00512,2025-05-21 07:11:32,2,Damaged,82070.17,Rejected,Failed,2026-09-16 20:47:53
RET00519,ORD09840,PROD00130,CUST00457,2026-08-20 18:24:13,1,Changed Mind,11528.88,Approved,Pending,2026-09-04 08:09:48
RET00520,ORD00696,PROD00090,CUST00737,2026-06-19 12:25:24,1,Changed Mind,10569.01,Rejected,,2026-07-23 09:09:05
RET00521,ORD01515,PROD00134,CUST00790,2026-06-29 01:12:53,3,Wrong Item,29438.83,Requested,Pending,2026-07-06 01:22:46
RET00522,ORD07910,PROD00021,CUST00662,2026-08-07 14:27:10,2,Changed Mind,78857.39,Completed,,2026-09-09 23:15:09
RET00523,ORD01745,PROD_INVALID,CUST00282,2025-10-13 05:25:32,1,Quality Issue,49.0,Completed,Failed,2026-09-11 10:59:47
RET00524,ORD00946,PROD00197,CUST00849,2025-08-02 04:17:00,2,Damaged,57773.72,Approved,Processed,2025-10-08 09:32:02
RET00525,ORD08083,PROD00106,CUST00534,2026-06-21 21:38:06,3,Damaged,1523.44,Completed,,2026-07-01 10:04:33
RET00526,ORD03684,PROD00004,CUST00015,2026-05-07 12:27:21,2,Changed Mind,54873.65,Requested,Processed,2026-05-25 05:41:42
RET00527,ORD08818,PROD00131,CUST00608,2026-03-16 21:29:20,5,Wrong Item,23319.59,Completed,Processed,2026-05-11 04:20:02
RET00528,ORD08653,PROD00060,CUST00675,2026-09-24 19:39:31,3,,141621.36,Requested,Pending,2026-09-24 21:02:26
RET00529,ORD07959,PROD00073,CUST00706,2026-09-06 15:00:00,2,Damaged,52651.47,Approved,Processed,2026-09-06 19:28:57
RET00530,ORD03860,PROD00187,CUST00823,2025-06-27 20:31:48,1,Damaged,5534.8,Requested,,2025-07-07 12:28:48
RET00531,ORD04970,PROD00195,CUST00760,2026-05-09 16:01:11,1,Damaged,11790.6,Completed,,2026-09-14 13:18:37
RET00532,ORD02100,PROD00126,CUST00256,2026-09-24 05:00:20,3,Incorrect Size,96074.24,Rejected,Pending,2026-09-24 23:29:17
RET00533,ORD06705,PROD00005,CUST00273,2025-10-02 03:32:22,4,Wrong Item,71659.66,Completed,,2026-09-14 01:02:40
RET00534,ORD07803,PROD00027,CUST00276,2026-09-19 21:00:41,3,Damaged,69097.49,Completed,Pending,2026-09-20 23:48:45
RET00535,ORD07021,PROD00198,CUST00035,2026-05-07 16:50:53,3,Incorrect Size,45043.01,Completed,,2026-07-30 11:12:25
RET00536,ORD05863,PROD00103,CUST00358,2026-02-10 07:51:57,4,Wrong Item,125028.18,Requested,Processed,2026-07-03 14:41:03
RET00537,ORD07389,PROD00126,CUST00152,2026-07-01 23:38:09,4,Changed Mind,122273.25,Completed,Failed,2026-09-13 20:55:35
RET00538,ORD03072,PROD00062,CUST00908,2026-09-22 08:03:14,2,Damaged,34987.42,Rejected,Processed,2026-09-22 21:39:37
RET00539,ORD00853,PROD00061,CUST00208,2026-06-17 03:21:02,1,,465.36,Approved,Processed,2026-06-20 13:39:51
RET00540,ORD08469,PROD00136,CUST00392,2025-03-09 03:57:44,2,Incorrect Size,20096.76,Approved,Failed,2026-04-30 12:24:54
RET00541,ORD01465,PROD00131,CUST00821,2026-04-27 08:13:51,3,Wrong Item,13371.45,Rejected,Failed,2026-06-04 13:40:57
RET00542,ORD08709,PROD00175,CUST00568,2026-05-02 10:27:18,2,Changed Mind,86106.34,Rejected,,2026-08-05 10:40:04
RET00543,ORD06726,PROD00074,CUST00686,2026-09-19 15:13:42,4,,92479.02,Rejected,Processed,2026-09-21 01:49:29
RET00544,ORD08938,PROD00197,CUST00188,2026-09-05 05:46:57,1,Incorrect Size,32964.94,Approved,Processed,2026-09-10 13:38:55
RET00545,ORD00473,PROD00012,CUST00162,2026-07-20 03:42:53,2,Incorrect Size,93712.61,Completed,Failed,2026-08-28 10:01:12
RET00546,ORD06747,PROD00072,CUST00188,2026-08-28 22:32:33,1,Wrong Item,11140.3,Completed,,2026-09-11 09:47:16
RET00547,ORD01846,PROD00069,CUST00442,2025-09-27 08:17:03,4,Changed Mind,1585.88,Requested,Failed,2026-02-07 13:26:42
RET00548,ORD09679,PROD00002,CUST00600,2025-07-02 23:13:10,3,Incorrect Size,100498.12,Approved,Processed,2025-11-02 16:28:58
RET00549,ORD03094,PROD00040,CUST00173,2026-05-18 19:23:40,1,,32666.54,Requested,Failed,2026-07-04 10:38:47
RET00550,ORD07653,PROD00139,CUST00993,2025-07-19 21:28:48,4,Wrong Item,165055.86,Requested,,2026-05-27 01:39:53
RET00551,ORD08533,PROD00179,CUST00726,2026-09-16 19:02:49,1,Quality Issue,31536.79,Completed,Processed,2026-09-19 00:54:14
RET00552,ORD01479,PROD00117,CUST00682,2026-04-29 12:19:58,2,Changed Mind,31415.68,Rejected,Processed,2026-08-03 08:40:17
RET00553,ORD07229,PROD00137,CUST00962,2025-06-04 07:23:14,1,Quality Issue,12601.0,Rejected,Processed,2025-11-12 05:01:17
RET00554,ORD00598,PROD00018,CUST00096,2026-09-13 08:06:24,2,Damaged,23659.57,Rejected,Processed,2026-09-19 09:50:10
RET00555,ORD06228,PROD00197,CUST00396,2026-09-11 19:53:08,2,,61006.18,Approved,Failed,2026-09-19 12:35:43
RET00556,ORD07474,PROD00181,CUST00571,2026-07-23 09:19:27,3,Wrong Item,66726.43,Approved,Pending,2026-09-24 12:56:39
RET00557,ORD06380,PROD00160,CUST00179,2026-09-23 03:12:41,4,Quality Issue,111914.58,Completed,,2026-09-24 13:19:58
RET00558,ORD01187,PROD00089,CUST_INVALID,2026-06-06 05:03:04,1,Quality Issue,19265.74,Completed,Processed,2026-06-29 23:29:57
RET00559,ORD03679,PROD00048,CUST00281,2026-02-16 19:20:47,3,Damaged,38905.5,Rejected,,2026-04-26 21:37:13
RET00560,ORD03678,PROD00135,CUST00999,2026-03-30 12:16:00,6,,126343.88,Completed,Failed,2026-07-20 23:31:04
RET00561,ORD03514,PROD00057,CUST00628,2026-02-21 16:55:01,2,Quality Issue,95590.7,Completed,Pending,2026-03-12 12:17:54
RET00562,ORD07531,PROD00191,CUST00046,2026-01-12 03:57:30,1,Changed Mind,48902.81,Completed,Processed,2026-07-02 16:33:01
RET00563,ORD04553,PROD00004,CUST00345,2025-11-08 00:36:57,2,Incorrect Size,56930.31,Completed,Failed,2026-04-06 09:54:20
RET00564,ORD07412,PROD00141,CUST00409,2025-12-20 00:25:42,1,,33019.58,Approved,,2026-03-31 15:45:43
RET00565,ORD06601,PROD00176,CUST00263,2026-05-19 18:07:42,3,Damaged,78414.44,Rejected,,2026-08-15 05:31:37
RET00566,ORD06387,PROD00066,CUST00779,2025-06-08 17:39:25,1,,3561.21,Approved,Pending,2025-09-21 13:50:12
RET00567,ORD02996,PROD00124,CUST00041,2026-09-10 13:57:17,3,Changed Mind,-88793.49,Completed,,2026-09-12 04:31:43
RET00568,ORD03184,PROD00170,CUST00900,2026-09-10 09:48:05,1,Wrong Item,41473.23,Requested,Processed,2026-09-17 18:56:35
RET00569,ORD04675,PROD00053,CUST00934,2025-03-20 15:59:15,1,,9936.99,Completed,Pending,2026-01-15 12:29:30
RET00570,ORD09652,PROD00033,CUST00858,2026-02-23 11:06:35,2,Incorrect Size,1418.5,Completed,Pending,2026-07-25 01:21:42
RET00571,ORD08981,PROD00015,CUST00722,2025-06-15 07:59:14,1,Wrong Item,18246.03,Requested,,2026-01-13 02:06:16
RET00572,ORD01902,PROD00023,CUST00122,2026-03-30 22:44:17,2,,912.79,Rejected,Processed,2026-08-14 15:29:37
RET00573,ORD09994,PROD00046,CUST00346,2026-08-26 10:40:04,1,Incorrect Size,27705.67,Completed,Failed,2026-09-11 17:50:21
RET00574,ORD03391,PROD00076,CUST00092,2026-06-22 09:06:59,1,Damaged,2531.99,Completed,,2026-08-22 17:56:58
RET00575,ORD02751,PROD00079,CUST00369,2026-05-27 04:36:26,1,Changed Mind,45069.42,Rejected,Processed,2026-08-04 21:41:08
RET00576,ORD09746,PROD00018,CUST00880,2026-09-16 16:07:39,1,,11006.68,Requested,Pending,2026-09-21 11:44:07
RET00577,ORD07278,PROD00044,CUST00617,2026-06-04 14:17:51,2,,975.71,Completed,Failed,2026-08-03 09:30:45
RET00578,ORD08936,PROD00057,CUST00902,2025-05-10 11:11:53,4,Damaged,189348.71,Completed,,2026-05-04 05:13:18
RET00579,ORD09723,PROD00177,CUST00558,2025-12-08 03:57:58,1,Incorrect Size,35028.28,Completed,Failed,2026-01-28 15:20:19
RET00580,ORD07408,PROD00183,CUST00484,2026-09-22 09:00:40,4,Quality Issue,27434.63,Approved,Failed,2026-09-24 19:23:29
RET00581,ORD05315,PROD00006,CUST00931,2026-05-31 05:57:25,1,Quality Issue,20080.47,Requested,Pending,2026-07-02 10:46:20
RET00582,ORD03463,PROD00168,CUST00270,2025-08-26 08:55:44,3,Incorrect Size,55222.43,Completed,Pending,2026-07-17 09:13:11
RET00583,ORD03062,PROD00099,CUST00279,2026-07-27 14:44:36,3,Damaged,99384.8,Completed,Pending,2026-09-11 22:21:18
RET00584,ORD02215,PROD00071,CUST00624,2025-10-23 16:35:08,1,Damaged,-8023.33,Completed,,2026-04-07 00:17:40
RET00585,ORD05436,PROD00025,CUST00556,2026-06-28 09:23:12,1,Damaged,10953.58,Approved,Failed,2026-08-16 13:30:40
RET00586,ORD09636,PROD00179,CUST00238,2026-09-16 19:11:38,1,Changed Mind,31521.82,Rejected,Pending,2026-09-18 20:05:24
RET00587,ORD08674,PROD00178,CUST00566,2026-08-03 04:45:22,1,,15553.42,Approved,Failed,2026-08-09 06:50:52
RET00588,ORD01326,PROD00195,CUST00668,2026-08-26 10:26:31,1,Damaged,15532.67,Completed,Failed,2026-09-23 02:41:48
RET00589,ORD03658,PROD00094,CUST00544,2026-07-12 20:43:59,5,Incorrect Size,72655.6,Completed,Failed,2026-08-01 08:04:52
RET00590,ORD07845,PROD00200,CUST00744,2025-06-10 00:27:21,1,Changed Mind,25898.79,Approved,,2026-04-12 03:31:39
RET00591,ORD00705,PROD00002,CUST00740,2026-04-29 05:02:36,2,,-64468.74,Requested,Processed,2026-05-04 01:16:21
RET00592,ORD03712,PROD00029,CUST00207,2026-09-12 15:56:58,1,Damaged,437.05,Approved,Processed,2026-09-15 06:41:28
RET00593,ORD06669,PROD00108,CUST00392,2026-09-19 12:07:37,1,Quality Issue,41412.63,Rejected,Failed,2026-09-20 05:44:12
RET00594,ORD05141,PROD00037,CUST00028,2026-09-04 03:52:53,1,,46219.9,Rejected,Pending,2026-09-17 10:00:32
RET00595,ORD00561,PROD00009,CUST00609,2025-09-14 08:23:20,4,Changed Mind,60295.94,Completed,Pending,2026-07-19 04:01:47
RET00596,ORD01300,PROD00075,CUST00311,2026-01-10 01:45:23,3,Quality Issue,22609.82,Requested,Processed,2026-02-18 04:38:30
RET00597,ORD04945,PROD00156,CUST00336,2026-09-06 09:14:51,1,Changed Mind,32406.99,Approved,Pending,2026-09-17 00:31:56
RET00598,ORD06747,PROD00072,CUST00188,2026-09-19 01:41:13,3,Quality Issue,33420.91,Completed,Pending,2026-09-24 15:40:28
RET00599,ORD05618,PROD00097,CUST00172,2026-09-21 15:03:30,3,Quality Issue,105877.69,Approved,Processed,2026-09-23 06:07:47
RET00600,ORD05721,PROD00057,CUST00243,2026-08-05 21:11:30,4,Quality Issue,161776.33,Rejected,,2026-08-19 07:09:59
RET00601,ORD04248,PROD00166,CUST00058,2025-07-02 02:37:21,1,Quality Issue,29121.61,Completed,Processed,2026-07-23 23:01:55
RET00602,ORD05388,PROD00052,CUST00247,2026-09-24 06:08:38,1,Incorrect Size,21252.98,Rejected,Pending,2026-09-24 10:00:15
RET00603,ORD01650,PROD00183,CUST00519,2026-08-17 09:19:36,1,Changed Mind,6295.45,Completed,Pending,2026-09-01 00:47:56
RET00604,ORD01860,PROD00145,CUST00413,2026-05-12 07:58:48,1,Quality Issue,10261.68,Rejected,Pending,2026-09-16 18:17:15
RET00605,ORD08569,PROD00079,CUST00605,2025-02-28 20:26:24,1,Wrong Item,39768.85,Rejected,Processed,2025-12-22 22:47:05
RET00606,ORD07813,PROD00121,CUST00249,2025-10-23 05:28:43,2,Quality Issue,85998.35,Requested,Pending,2026-06-23 21:59:00
RET00607,ORD05509,PROD00167,CUST00623,2026-07-28 17:03:04,1,Wrong Item,29662.42,Requested,Processed,2026-08-09 17:13:54
RET00608,ORD04392,PROD00154,CUST00541,2026-09-01 21:17:59,3,Damaged,112075.77,Requested,Failed,2026-09-24 19:38:55
RET00609,ORD07962,PROD00017,CUST00824,2026-07-02 23:35:02,3,,11210.41,Requested,,2026-09-01 08:25:48
RET00610,ORD04551,PROD00009,CUST00917,2026-09-20 12:04:57,5,,74968.26,Completed,,2026-09-23 11:50:00
RET00611,ORD00020,PROD00054,CUST00147,2026-03-18 01:16:25,3,Changed Mind,68496.75,Approved,Processed,2026-09-24 02:57:23
RET00612,ORD08615,PROD00072,CUST00557,2026-08-04 15:58:41,3,Damaged,34542.91,Requested,Pending,2026-08-30 02:54:28
RET00613,ORD03955,PROD00176,CUST00355,2026-08-29 23:27:05,2,Wrong Item,57334.64,Completed,,2026-09-02 13:27:43
RET00614,ORD03468,PROD00156,CUST00412,2025-08-13 06:33:57,4,Quality Issue,123041.91,Completed,Failed,2025-09-05 15:33:52
RET00615,ORD01726,PROD00107,CUST00097,2026-02-22 00:14:28,1,Quality Issue,16555.42,Rejected,,2026-07-11 12:42:17
RET00616,ORD09324,PROD00043,CUST00316,2026-07-22 10:37:33,2,Damaged,20925.57,Approved,Processed,2026-07-28 12:43:03
RET00617,ORD04221,PROD00142,CUST00044,2026-06-06 20:07:50,1,Wrong Item,42754.64,Completed,,2026-09-16 13:46:23
RET00618,ORD06448,PROD00112,CUST00833,2025-12-29 03:43:24,2,Changed Mind,4791.87,Approved,Pending,2026-01-13 04:39:33
RET00619,ORD08069,PROD00034,CUST00009,2026-09-12 23:40:15,3,Damaged,133274.71,Requested,Pending,2026-09-13 11:24:26
RET00620,ORD08185,PROD00129,CUST00057,2026-03-07 23:38:01,1,,19266.16,Rejected,Failed,2026-06-05 17:36:49
RET00621,ORD04378,PROD00017,CUST00265,2026-04-09 04:39:01,1,Quality Issue,3737.17,Requested,Pending,2026-05-07 23:12:11
RET00622,ORD03972,PROD00116,CUST00989,2026-08-25 12:23:33,1,Wrong Item,39138.99,Requested,Pending,2026-09-11 22:10:45
RET00623,ORD04359,PROD00029,CUST00862,2025-05-31 14:26:20,1,Wrong Item,498.1,Completed,Failed,2026-05-19 19:57:02
RET00624,ORD00337,PROD00185,CUST00488,2026-01-13 18:27:52,1,Changed Mind,44197.31,Requested,Failed,2026-06-18 16:20:23
RET00625,ORD05147,PROD00159,CUST00242,2025-09-10 19:09:47,2,Damaged,25306.66,Rejected,,2026-07-19 07:35:23
RET00626,ORD01393,PROD00018,CUST00587,2026-09-20 06:06:30,1,Incorrect Size,12760.35,Requested,,2026-09-20 22:35:51
RET00627,ORD01200,PROD00189,CUST00325,2026-09-22 15:26:46,7,Wrong Item,-37987.68,Completed,Failed,2026-09-23 00:37:55
RET00628,ORD02960,PROD00045,CUST00206,2026-03-24 21:09:04,1,Changed Mind,21477.46,Completed,Pending,2026-08-22 02:33:19
RET00629,ORD01371,PROD00004,CUST00785,2026-07-31 10:57:10,3,Incorrect Size,86905.88,Completed,Pending,2026-08-03 05:26:16
RET00630,ORD00069,PROD00120,CUST00866,2026-06-28 22:47:12,1,Changed Mind,34595.23,Requested,,2026-07-10 02:05:02
RET00631,ORD06756,PROD00185,CUST00599,2026-03-02 08:11:15,4,,165926.17,Approved,Pending,2026-08-01 19:01:42
RET00632,ORD04308,PROD00166,CUST00915,2025-06-03 16:06:20,1,Wrong Item,31333.13,Rejected,Processed,2025-07-17 07:08:35
RET00633,ORD02600,PROD00037,CUST00503,2026-05-31 17:08:01,4,Wrong Item,188159.7,Requested,Failed,2026-08-07 23:08:26
RET00634,ORD08995,PROD00151,CUST00265,2025-11-12 05:27:53,1,Quality Issue,16056.28,Approved,,2026-05-15 18:31:25
RET00635,ORD00020,PROD00054,CUST00147,2026-02-24 02:26:03,1,Damaged,22832.25,Requested,Processed,2026-02-24 19:29:52
RET00636,ORD03212,PROD00056,CUST00479,2026-06-05 11:04:16,1,Changed Mind,45955.11,Rejected,,2026-09-04 18:11:23
RET00637,ORD03299,PROD00063,CUST00830,2026-07-05 07:07:56,2,Quality Issue,3853.03,Requested,,2026-07-06 18:57:23
RET00638,ORD03681,PROD00123,CUST00765,2026-07-05 16:30:44,1,,40490.58,Approved,,2026-08-12 01:39:28
RET00639,ORD08442,PROD00163,CUST00414,2026-09-03 10:37:02,2,,27114.52,Completed,Failed,2026-09-09 01:47:51
RET00640,ORD02382,PROD00136,CUST00186,2026-07-03 01:17:37,1,Changed Mind,10573.96,Rejected,Failed,2026-08-04 12:58:19
RET00641,ORD04043,PROD00027,CUST00459,2025-09-03 10:27:40,1,Wrong Item,22717.48,Approved,Failed,2026-07-18 05:02:57
RET00642,ORD03857,PROD00143,CUST00098,2026-09-04 12:20:19,2,Wrong Item,43436.77,Rejected,,2026-09-24 19:24:03
RET00643,ORD04399,PROD00083,CUST00802,2025-06-12 18:33:29,2,Quality Issue,73119.99,Rejected,Pending,2026-02-28 10:29:24
RET00644,ORD01711,PROD00033,CUST00669,2026-08-25 03:39:34,2,,1505.22,Rejected,,2026-09-07 02:50:16
RET00645,ORD08077,PROD00109,CUST00310,2026-05-26 17:50:38,2,Incorrect Size,96512.28,Requested,Processed,2026-07-12 17:23:57
RET00646,ORD03156,PROD00063,CUST00893,2026-08-28 04:20:52,4,Quality Issue,6179.77,Completed,,2026-09-11 01:21:36
RET00647,ORD07989,PROD00195,CUST00407,2025-11-01 04:00:01,1,Damaged,13577.1,Rejected,Processed,2025-12-02 04:02:58
RET00648,ORD07892,PROD00187,CUST00151,2026-09-16 02:36:32,5,Quality Issue,23358.04,Approved,Failed,2026-09-18 12:59:54
RET00649,ORD09807,PROD00163,CUST00867,2026-02-25 06:06:10,1,,14217.31,Completed,,2026-05-08 04:09:38
RET00650,ORD00742,PROD00051,CUST00274,2026-04-09 18:19:32,2,Quality Issue,86599.53,Completed,,2026-05-11 13:42:25
RET00651,ORD02629,PROD00035,CUST00843,2025-10-11 01:06:56,1,Quality Issue,6169.12,Rejected,,2026-03-04 18:04:31
RET00652,ORD01563,PROD00024,CUST00539,2026-04-14 13:24:39,1,,29458.49,Rejected,Failed,2026-05-05 02:59:20
RET00653,ORD09251,PROD00184,CUST00074,2026-08-24 16:11:01,2,Changed Mind,80492.8,Rejected,,2026-09-18 18:11:18
RET00654,ORD07163,PROD00136,CUST00976,2026-01-06 03:57:28,1,,9555.02,Rejected,Processed,2026-06-07 08:33:08
RET00655,ORD09577,PROD00159,CUST00202,2026-07-30 16:48:37,2,Changed Mind,21952.39,Approved,Failed,2026-09-19 18:22:10
RET00656,ORD02632,PROD00040,CUST00596,2025-12-07 21:57:52,2,Quality Issue,61499.33,Rejected,Processed,2026-01-22 09:21:40
RET00657,ORD06808,PROD00180,CUST00518,2026-02-14 21:43:52,1,Wrong Item,27180.76,Approved,Failed,2026-03-03 14:04:05
RET00658,ORD08649,PROD00095,CUST00207,2025-07-01 06:13:34,1,Wrong Item,39304.2,Requested,,2026-01-15 03:47:13
RET00659,ORD02693,PROD00010,CUST00157,2026-07-05 22:08:13,1,Damaged,6494.6,Approved,Processed,2026-09-18 10:30:59
RET00660,ORD05024,PROD00167,CUST00768,2026-06-21 15:43:50,5,Wrong Item,129629.01,Approved,,2026-07-10 22:10:37
RET00661,ORD01243,PROD00154,CUST00500,2026-08-10 00:28:51,1,Wrong Item,-35595.44,Rejected,,2026-08-22 08:13:14
RET00662,ORD08722,PROD00029,CUST00775,2025-12-05 04:58:12,3,Wrong Item,1481.2,Completed,,2026-06-25 10:29:49
RET00663,ORD01841,PROD00136,CUST00528,2026-05-09 15:33:07,1,Damaged,11099.61,Requested,Processed,2026-05-23 10:06:27
RET00664,ORD01363,PROD00010,CUST00212,2026-02-12 12:25:55,1,,5582.55,Completed,Pending,2026-08-16 05:55:56
RET00665,ORD06022,PROD00078,CUST00836,2026-07-21 19:43:02,1,Damaged,34818.97,Approved,Pending,2026-09-21 00:24:47
RET00666,ORD04545,PROD00137,CUST00817,2026-01-20 01:30:24,1,Changed Mind,12393.55,Completed,Processed,2026-03-10 00:53:30
RET00667,ORD07961,PROD00109,CUST00957,2026-09-05 11:40:43,2,Damaged,92438.52,Requested,,2026-09-06 18:24:04
RET00668,ORD09184,PROD00189,CUST00108,2026-09-16 23:21:28,1,Incorrect Size,14304.89,Approved,Processed,2026-09-24 22:13:46
RET00669,ORD01439,PROD00001,CUST00268,2025-11-15 01:28:05,2,,57508.15,Rejected,,2025-11-17 06:55:52
RET00670,ORD01731,PROD00152,CUST00414,2026-09-18 02:30:50,2,Quality Issue,71344.41,Completed,,2026-09-19 16:19:26
RET00671,ORD06203,PROD00180,CUST00992,2026-09-10 10:40:31,4,Wrong Item,108525.14,Rejected,Pending,2026-09-23 23:51:25
RET00672,ORD01136,PROD00080,CUST00059,2026-06-21 09:57:03,2,Incorrect Size,489.51,Requested,Failed,2026-08-06 01:37:17
RET00673,ORD08392,PROD00070,CUST00457,2026-08-26 16:35:18,1,Damaged,30475.1,Completed,Processed,2026-09-20 11:22:29
RET00674,ORD05388,PROD00052,CUST00247,2026-09-24 08:21:47,4,,85011.94,Approved,,2026-09-24 17:48:01
RET00675,ORD00296,PROD00183,CUST00105,2026-05-05 08:12:59,1,Damaged,6784.25,Requested,,2026-08-05 12:38:32
RET00676,ORD06854,PROD00019,CUST00680,2026-04-20 01:35:06,1,Damaged,3200.61,Requested,,2026-04-27 16:05:20
RET00677,ORD02935,PROD00035,CUST00592,2026-09-17 17:17:55,1,Damaged,7222.23,Approved,,2026-09-24 18:42:08
RET00678,ORD02499,PROD00093,CUST00618,2026-05-19 06:08:34,3,Changed Mind,46918.17,Completed,,2026-06-21 19:00:50
RET00679,ORD00998,PROD00050,CUST00178,2026-08-30 14:52:15,2,Wrong Item,30506.6,Requested,,2026-09-16 22:45:51
RET00680,ORD00437,PROD00007,CUST00930,2026-09-24 05:07:07,5,,59227.65,Rejected,Processed,2026-09-24 23:16:14
RET00681,ORD06068,PROD00008,CUST00728,2026-07-22 03:33:21,2,Damaged,98768.74,Completed,,2026-08-31 06:26:01
RET00682,ORD01033,PROD00123,CUST00036,2025-04-10 12:03:33,1,Wrong Item,35116.88,Approved,Pending,2026-06-03 21:36:08
RET00683,ORD04818,PROD00048,CUST00321,2026-09-23 23:24:36,2,Wrong Item,22813.09,Completed,,2026-09-24 14:13:51
RET00684,ORD02126,PROD00070,CUST00433,2026-09-09 03:46:23,3,Damaged,78933.94,Rejected,Pending,2026-09-18 03:48:01
RET00685,ORD09681,PROD00194,CUST00824,2026-05-29 20:28:49,1,Changed Mind,7913.78,Rejected,,2026-07-20 23:16:29
RET00686,ORD02585,PROD00173,CUST00299,2026-01-23 03:43:43,2,Damaged,68966.9,Requested,Pending,2026-09-16 16:24:55
RET00687,ORD03811,PROD00083,CUST00317,2026-09-06 13:45:05,1,Quality Issue,38491.25,Completed,Failed,2026-09-18 01:10:20
RET00688,ORD07644,PROD00058,CUST00778,2026-03-11 06:26:58,3,Wrong Item,61578.46,Completed,Processed,2026-09-11 21:47:20
RET00689,ORD08033,PROD00074,CUST00294,2025-11-01 18:42:50,1,Damaged,20168.82,Completed,Processed,2026-07-12 09:15:14
RET00690,ORD07523,PROD00010,CUST00354,2026-05-21 14:13:26,3,Incorrect Size,17715.65,Requested,Processed,2026-06-01 04:25:14
RET00691,ORD02018,PROD00098,CUST00115,2026-01-20 04:05:19,4,Quality Issue,113802.46,Completed,Pending,2026-03-31 05:06:18
RET00692,ORD09418,PROD00168,CUST00611,2026-05-18 01:53:00,2,Wrong Item,40487.56,Approved,Failed,2026-07-16 16:01:41
RET00693,ORD04983,PROD00081,CUST00365,2026-08-01 10:28:56,1,Wrong Item,99.0,Approved,Processed,2026-09-09 07:01:27
RET00694,ORD07522,PROD00164,CUST00493,2026-09-08 04:56:12,1,Incorrect Size,36753.26,Requested,,2026-09-11 20:04:33
RET00695,ORD03108,PROD00116,CUST00768,2026-08-28 23:02:46,5,Wrong Item,197408.34,Rejected,,2026-08-29 06:59:31
RET00696,ORD08051,PROD00123,CUST00449,2025-05-11 11:52:16,3,,101573.26,Approved,Processed,2025-11-19 16:06:20
RET00697,ORD03834,PROD00145,CUST00251,2025-12-05 17:01:13,2,Changed Mind,23598.48,Requested,Pending,2025-12-29 12:43:33
RET00698,ORD08504,PROD00176,CUST00796,2026-03-06 11:52:07,1,Quality Issue,23400.05,Completed,Pending,2026-07-18 00:42:04
RET00699,ORD02520,PROD00117,CUST00705,2026-04-26 09:30:20,5,Damaged,83404.67,Approved,Processed,2026-05-28 02:30:20
RET00700,ORD08191,PROD00133,CUST00938,2026-07-04 02:53:22,4,Incorrect Size,97186.16,Approved,Processed,2026-07-27 04:35:23
RET00701,ORD00460,PROD00192,CUST00085,2026-09-23 10:42:48,4,Changed Mind,167371.15,Approved,Failed,2026-09-24 22:30:43
RET00702,ORD03673,PROD00185,CUST00571,2025-11-06 03:02:11,3,Quality Issue,117698.18,Rejected,Pending,2026-09-10 17:46:52
RET00703,ORD01937,PROD00070,CUST00367,2026-07-02 01:07:31,1,Incorrect Size,28709.11,Completed,,2026-07-23 15:27:14
RET00704,ORD03034,PROD00027,CUST00706,2026-07-02 23:42:05,5,Incorrect Size,109846.56,Completed,Pending,2026-09-13 05:14:11
RET00705,ORD04731,PROD00126,CUST00381,2026-08-13 07:39:22,1,Quality Issue,32996.81,Requested,Processed,2026-09-22 14:12:19
RET00706,ORD03069,PROD00111,CUST00748,2026-05-12 13:54:22,1,Quality Issue,16896.65,Completed,Processed,2026-05-19 04:48:06
RET00707,ORD05663,PROD00099,CUST00796,2026-01-11 06:52:27,3,Wrong Item,94043.78,Requested,,2026-04-06 22:02:29
RET00708,ORD07015,PROD00126,CUST00597,2026-08-27 22:14:19,1,,31281.48,Approved,,2026-09-24 05:41:46
RET00709,ORD01113,PROD00112,CUST00243,2026-08-06 10:05:50,2,Quality Issue,4877.73,Rejected,,2026-08-23 08:20:27
RET00710,ORD02909,PROD00060,CUST00675,2026-06-01 13:13:44,2,Wrong Item,85115.97,Completed,Failed,2026-07-15 16:06:23
RET00711,ORD02809,PROD00091,CUST00395,2026-05-06 22:10:25,1,Wrong Item,37625.13,Rejected,Failed,2026-05-23 10:24:49
RET00712,ORD09873,PROD00089,CUST00429,2026-09-09 11:40:11,4,Incorrect Size,70056.04,Completed,,2026-09-18 21:06:34
RET00713,ORD00895,PROD00026,CUST00419,2026-02-28 20:23:02,5,Wrong Item,37347.88,Rejected,Failed,2026-03-18 00:35:51
RET00714,ORD01682,PROD00126,CUST00667,2026-02-19 13:08:29,2,Incorrect Size,59082.72,Approved,,2026-03-25 01:14:27
RET00715,ORD08981,PROD00015,CUST00722,2026-06-28 19:59:44,1,Wrong Item,18246.03,Rejected,Failed,2026-09-17 22:25:16
RET00716,ORD03300,PROD00068,CUST00224,2026-09-21 20:47:04,2,Quality Issue,631.51,Requested,Failed,2026-09-24 06:03:25
RET00717,ORD08874,PROD00069,CUST00033,2026-02-17 10:04:35,3,Incorrect Size,1056.16,Rejected,,2026-08-18 07:51:40
RET00718,ORD06096,PROD00043,CUST00919,2026-05-31 22:30:27,2,Changed Mind,18856.76,Requested,Processed,2026-08-19 02:15:47
RET00719,ORD00463,PROD00029,CUST00860,2025-11-06 04:04:43,1,Quality Issue,442.05,Rejected,Pending,2026-08-16 02:18:50
RET00720,ORD03015,PROD00088,CUST00975,2026-09-15 07:15:33,1,Changed Mind,26714.08,Completed,Pending,2026-09-22 17:03:47
RET00721,ORD03474,PROD00123,CUST00273,2025-08-24 00:48:25,3,Wrong Item,119896.03,Requested,Failed,2026-01-26 02:25:15
RET00722,ORD04938,PROD00132,CUST00437,2025-05-08 06:05:57,1,Damaged,37948.32,Approved,Processed,2025-06-23 22:23:02
RET00723,ORD03546,PROD00054,CUST00088,2026-08-11 20:37:53,1,Quality Issue,23765.16,Rejected,Failed,2026-09-12 09:16:24
RET00724,ORD03947,PROD00008,CUST00059,2026-09-03 19:32:31,2,Incorrect Size,88941.68,Rejected,,2026-09-23 14:30:22
RET00725,ORD03335,PROD00170,CUST00560,2026-08-29 20:45:08,1,Damaged,39931.2,Rejected,,2026-09-14 03:19:28
RET00726,ORD08546,PROD00145,CUST00551,2026-07-12 11:05:16,2,Incorrect Size,21981.81,Rejected,Pending,2026-07-23 21:59:34
RET00727,ORD04351,PROD00051,CUST00676,2026-07-14 13:16:14,2,Changed Mind,83588.79,Approved,Processed,2026-09-01 07:35:14
RET00728,ORD07424,PROD00095,CUST00790,2026-09-20 07:35:06,1,Damaged,34296.54,Requested,Failed,2026-09-22 04:07:52
RET00729,ORD05752,PROD00065,CUST00952,2026-02-13 20:28:55,1,Incorrect Size,1057.26,Completed,Pending,2026-02-16 18:47:41
RET00730,ORD09330,PROD00059,CUST00921,2026-08-01 15:10:07,1,Changed Mind,13881.6,Completed,,2026-08-15 22:03:42
RET00731,ORD05449,PROD00186,CUST00187,2026-02-17 02:03:54,1,Incorrect Size,506.85,Completed,Processed,2026-04-23 06:46:02
RET00732,ORD07480,PROD00039,CUST00492,2026-09-01 22:09:50,1,Quality Issue,28979.63,Requested,Processed,2026-09-02 13:52:24
RET00733,ORD09517,PROD00111,CUST00823,2026-03-19 20:29:47,1,,16189.65,Rejected,Processed,2026-08-07 11:22:33
RET00734,ORD06503,PROD00159,CUST00059,2026-04-11 20:10:21,2,Wrong Item,25111.43,Completed,Pending,2026-04-22 19:48:48
RET00735,ORD04085,PROD00135,CUST00571,2026-04-25 10:52:38,2,,41274.72,Approved,Failed,2026-09-23 06:28:38
RET00736,ORD00397,PROD00026,CUST00893,2025-07-04 06:36:21,2,,14097.62,Requested,Processed,2026-01-11 12:56:34
RET00737,ORD07499,PROD00175,CUST00258,2025-03-23 15:05:08,4,Changed Mind,184401.56,Completed,,2026-06-21 03:54:00
RET00738,ORD07641,PROD00122,CUST00743,2026-05-28 02:09:14,4,Wrong Item,30167.97,Approved,Failed,2026-08-28 20:10:27
RET00739,ORD08881,PROD00126,CUST00975,2026-07-25 04:43:25,2,Damaged,63592.96,Approved,Pending,2026-09-20 16:10:32
RET00740,ORD05457,PROD00072,CUST00373,2025-09-14 04:20:57,5,Wrong Item,56885.85,Rejected,Processed,2025-11-16 03:45:19
RET00741,ORD08034,PROD00184,CUST00943,2026-09-16 16:15:18,1,Incorrect Size,37607.58,Requested,Failed,2026-09-21 02:11:29
RET00742,ORD07509,PROD00029,CUST00191,2026-08-02 08:41:49,1,Damaged,525.35,Rejected,Failed,2026-08-27 22:38:59
RET00743,ORD09808,PROD00015,CUST00526,2025-04-22 11:39:31,1,Incorrect Size,15858.43,Approved,Pending,2026-06-13 13:34:13
RET00744,ORD03988,PROD00174,CUST00838,2026-05-25 22:02:45,2,Damaged,32646.13,Rejected,Failed,2026-07-21 16:11:12
RET00745,ORD05055,PROD00054,CUST00144,2025-06-26 12:58:11,2,,43174.4,Rejected,,2025-07-05 11:51:46
RET00746,ORD08180,PROD00159,CUST00633,2025-11-24 14:55:19,1,Changed Mind,10970.04,Rejected,Processed,2026-09-10 04:45:43
RET00747,ORD03429,PROD00077,CUST00115,2026-08-23 14:01:02,5,,114753.06,Completed,Pending,2026-09-10 12:58:50
RET00748,ORD06203,PROD00180,CUST00992,2026-02-26 09:54:04,4,Wrong Item,108525.14,Completed,Processed,2026-08-18 12:07:49
RET00749,ORD06056,PROD00125,CUST00654,2025-12-29 04:14:44,4,Quality Issue,64965.73,Completed,Pending,2026-02-27 19:29:53
RET00750,ORD09190,PROD00105,CUST00137,2026-05-26 22:01:04,4,Wrong Item,75694.27,Completed,Processed,2026-06-12 07:23:41
RET00751,ORD03880,PROD00123,CUST00860,2026-05-19 23:39:16,3,Wrong Item,90885.97,Completed,Processed,2026-06-16 07:15:12
RET00752,ORD06139,PROD00104,CUST00119,2025-11-04 05:19:06,1,Wrong Item,30782.35,Approved,Failed,2026-06-02 17:16:26
RET00753,ORD04737,PROD00144,CUST00649,2026-07-08 07:14:00,2,Changed Mind,5166.93,Completed,Failed,2026-09-02 10:46:51
RET00754,ORD08091,PROD00178,CUST00682,2026-05-08 05:55:30,1,Changed Mind,16031.47,Rejected,Pending,2026-06-07 09:07:51
RET00755,ORD05862,PROD00094,CUST00473,2026-04-30 11:46:25,1,Damaged,16376.74,Rejected,Failed,2026-05-02 00:18:36
RET00756,ORD03965,PROD00101,CUST00786,2026-08-09 11:01:33,1,Quality Issue,2204.62,Rejected,Processed,2026-08-20 08:32:36
RET00757,ORD07161,PROD00124,CUST00363,2025-08-24 17:02:55,4,,176544.79,Requested,Processed,2026-06-26 16:52:08
RET00758,ORD04354,PROD00082,CUST00305,2025-06-04 16:43:56,1,Changed Mind,52675.46,Requested,Pending,2026-06-21 19:53:50
RET00759,ORD06814,PROD00100,CUST00714,2026-08-27 07:59:40,1,Quality Issue,24078.52,Rejected,Failed,2026-09-18 00:57:18
RET00760,ORD01594,PROD00161,CUST00363,2026-03-18 14:46:16,4,Incorrect Size,35142.94,Approved,,2026-04-30 06:29:11
RET00761,ORD09777,PROD00018,CUST00393,2025-09-27 22:34:38,1,,13876.9,Completed,Processed,2026-08-17 16:02:46
RET00762,ORD06891,PROD00011,CUST00351,2025-11-14 16:15:28,3,Quality Issue,13508.8,Completed,Pending,2026-07-11 16:45:37
RET00763,ORD05468,PROD00054,CUST00959,2026-07-01 05:58:29,1,Damaged,23020.93,Requested,Failed,2026-08-21 08:05:49
RET00764,ORD08895,PROD00025,CUST00908,2026-08-16 01:49:05,4,Damaged,43372.67,Approved,Failed,2026-08-30 13:04:26
RET00765,ORD07213,PROD00074,CUST00310,2025-09-13 07:39:24,1,Quality Issue,21816.36,Rejected,,2026-09-18 14:13:45
RET00766,ORD05998,PROD00063,CUST00772,2026-09-19 09:23:34,1,Damaged,0.0,Completed,,2026-09-23 13:19:45
RET00767,ORD07579,PROD00117,CUST00013,2026-09-14 02:31:20,1,Incorrect Size,17513.19,Completed,Processed,2026-09-24 15:21:02
RET00768,ORD00752,PROD00137,CUST00495,2026-09-23 10:53:04,2,Wrong Item,25329.85,Requested,,2026-09-24 20:22:13
RET00769,ORD00528,PROD00140,CUST00784,2026-08-17 01:04:17,3,Quality Issue,8191.85,Approved,,2026-09-07 04:14:51
RET00770,ORD05581,PROD00134,CUST00927,2026-05-25 12:06:56,1,,10670.46,Approved,,2026-06-07 10:01:24
RET00771,ORD01283,PROD00075,CUST00953,2026-07-21 21:45:16,2,Changed Mind,13295.66,Approved,,2026-08-05 23:10:46
RET00772,ORD01337,PROD00196,CUST00662,2026-02-22 13:02:20,1,,39865.94,Approved,Processed,2026-05-25 22:19:35
RET00773,ORD01991,PROD00043,CUST00086,2025-12-31 15:48:06,1,Damaged,11351.99,Completed,Failed,2026-05-26 07:49:58
RET00774,ORD08339,PROD00049,CUST00345,2026-05-18 04:19:53,1,,25506.08,Requested,Processed,2026-08-21 04:38:47
RET00775,ORD01692,PROD00156,CUST00241,2026-03-24 06:23:03,1,Wrong Item,35996.09,Completed,,2026-03-25 20:08:08
RET00776,ORD02183,PROD00026,CUST00242,2026-05-22 00:56:14,4,Quality Issue,31033.62,Rejected,Failed,2026-08-04 03:07:27
RET00777,ORD05766,PROD00163,CUST00839,2026-08-22 18:16:52,1,,16232.19,Rejected,,2026-08-27 01:28:39
RET00778,ORD05225,PROD00129,CUST00372,2026-09-23 15:44:03,3,Incorrect Size,52595.69,Completed,,2026-09-24 12:08:17
RET00779,ORD07132,PROD00142,CUST00228,2026-07-20 06:06:13,2,Quality Issue,95338.14,Completed,Processed,2026-09-19 21:02:13
RET00780,ORD01816,PROD00122,CUST00217,2026-09-21 05:28:11,1,Damaged,7993.18,Completed,Processed,2026-09-22 19:51:39
RET00781,ORD00109,PROD00169,CUST_INVALID,2026-09-10 13:59:29,2,Quality Issue,9835.75,Approved,Failed,2026-09-23 06:21:26
RET00782,ORD03896,PROD00028,CUST00029,2025-10-29 00:16:16,2,Quality Issue,362.7,Completed,Processed,2026-05-01 06:22:01
RET00783,ORD00931,PROD00103,CUST00323,2026-08-01 09:20:08,1,Incorrect Size,34543.27,Completed,Failed,2026-08-13 12:42:15
RET00784,ORD08021,PROD00006,CUST00945,2026-08-09 21:24:07,1,Changed Mind,18462.75,Rejected,,2026-09-07 21:00:18
RET00785,ORD09841,PROD00094,CUST00508,2026-09-22 16:23:55,4,Incorrect Size,63255.73,Approved,,2026-09-24 05:56:54
RET00786,ORD09855,PROD00010,CUST00975,2026-09-20 17:51:28,4,Wrong Item,22692.13,Requested,Processed,2026-09-21 16:10:39
RET00787,ORD03007,PROD00131,CUST00950,2026-09-21 02:49:40,4,Wrong Item,18960.9,Requested,Pending,2026-09-22 01:02:36
RET00788,ORD02324,PROD00178,CUST00123,2026-09-06 15:17:47,3,Wrong Item,47953.03,Approved,Processed,2026-09-16 22:00:49
RET00789,ORD01368,PROD00082,CUST00706,2025-12-26 12:18:45,2,Incorrect Size,86471.26,Completed,Failed,2026-04-26 23:36:14
RET00790,ORD01472,PROD00033,CUST00690,2026-03-05 11:24:26,1,Damaged,-587.83,Rejected,Processed,2026-03-19 22:40:30
RET00791,ORD07930,PROD00187,CUST00142,2026-09-08 23:36:27,3,,13979.0,Completed,Pending,2026-09-17 13:22:41
RET00792,ORD07273,PROD00039,CUST00050,2026-07-16 03:35:26,2,Quality Issue,58340.01,Completed,Processed,2026-09-03 02:17:25
RET00793,ORD09864,PROD00155,CUST00324,2026-05-30 20:48:21,2,,906.78,Requested,Failed,2026-08-17 13:24:09
RET00794,ORD01871,PROD00019,CUST00028,2026-06-04 18:52:06,2,Wrong Item,5403.65,Approved,Pending,2026-06-21 15:26:31
RET00795,ORD09436,PROD00010,CUST00884,2026-08-26 08:37:41,2,,11796.85,Approved,,2026-09-19 13:28:38
RET00796,ORD03336,PROD00048,CUST00990,2026-08-01 12:21:37,1,Incorrect Size,12827.75,Completed,Processed,2026-09-10 00:51:36
RET00797,ORD07905,PROD00173,CUST00020,2026-04-30 03:24:23,1,Changed Mind,37357.12,Completed,Processed,2026-08-14 23:46:24
RET00798,ORD06241,PROD00026,CUST00931,2026-08-16 08:44:35,3,Changed Mind,25090.5,Rejected,Processed,2026-09-14 10:38:03
RET00799,ORD05379,PROD00020,CUST00198,2026-09-01 05:06:31,3,Changed Mind,116372.18,Approved,Failed,2026-09-09 03:10:24
RET00800,ORD05613,PROD00168,CUST00572,2026-07-30 23:18:32,5,Incorrect Size,99367.08,Rejected,,2026-09-24 04:42:31
RET00801,ORD06250,PROD00147,CUST00111,2026-09-09 01:00:30,1,Changed Mind,31937.69,Rejected,Failed,2026-09-16 09:49:53
RET00802,ORD03606,PROD00037,CUST00215,2026-03-31 20:40:55,4,Damaged,169480.68,Requested,Processed,2026-06-02 18:57:38
RET00803,ORD00491,PROD00086,CUST00074,2026-04-19 20:28:40,2,Damaged,970.32,Completed,Pending,2026-04-30 09:39:12
RET00804,ORD02655,PROD00037,CUST00752,2026-09-05 03:43:02,1,Wrong Item,45704.0,Approved,Failed,2026-09-15 19:56:36
RET00805,ORD07924,PROD00037,CUST00103,2026-06-04 20:05:56,1,Damaged,43915.29,Requested,Failed,2026-07-10 09:06:10
RET00806,ORD05406,PROD00001,CUST00321,2026-08-20 10:16:49,2,Quality Issue,70648.57,Approved,Processed,2026-09-13 03:32:58
RET00807,ORD05938,PROD00127,CUST00311,2025-11-15 23:20:14,2,Damaged,16232.36,Requested,,2025-12-09 13:04:05
RET00808,ORD00442,PROD00078,CUST00386,2026-07-22 07:43:11,1,Damaged,35673.54,Approved,,2026-09-10 02:39:20
RET00809,ORD05465,PROD00098,CUST00597,2026-07-21 16:41:45,4,Wrong Item,112293.52,Approved,Processed,2026-08-11 05:16:05
RET00810,ORD02462,PROD00034,CUST00591,2025-12-11 07:54:59,2,Incorrect Size,76840.07,Completed,,2026-03-23 15:35:05
RET00811,ORD06892,PROD00099,CUST00350,2026-04-04 05:55:07,1,Changed Mind,32216.37,Requested,Pending,2026-08-16 15:20:22
RET00812,ORD09500,PROD00014,CUST00705,2026-04-30 23:30:22,1,Wrong Item,35779.82,Requested,Processed,2026-07-25 20:41:35
RET00813,ORD02377,PROD00050,CUST00223,2026-07-27 17:55:51,1,Wrong Item,15978.31,Completed,Pending,2026-09-24 20:08:23
RET00814,ORD02051,PROD00102,CUST00989,2026-09-07 07:06:32,2,Changed Mind,43927.76,Rejected,,2026-09-18 20:35:32
RET00815,ORD07833,PROD00081,CUST00832,2026-09-17 12:27:40,5,Quality Issue,15683.09,Completed,Processed,2026-09-18 02:45:41
RET00816,ORD08671,PROD00051,CUST_INVALID,2026-08-18 07:02:43,2,Changed Mind,91170.68,Approved,Processed,2026-09-24 20:24:09
RET00817,ORD08168,PROD00182,CUST00004,2026-07-13 13:54:15,1,Damaged,25231.3,Completed,,2026-07-19 16:08:28
RET00818,ORD02647,PROD00036,CUST00498,2026-06-10 18:59:02,1,,3239.39,Approved,,2026-09-18 00:07:58
RET00819,ORD07289,PROD00114,CUST00209,2026-06-28 21:29:51,2,Quality Issue,7451.39,Completed,Pending,2026-07-13 16:16:26
RET00820,ORD06112,PROD00033,CUST00375,2025-07-20 23:42:52,3,,2180.68,Completed,Processed,2026-08-18 09:30:50
RET00821,ORD05029,PROD00008,CUST00032,2026-08-07 20:10:07,3,Quality Issue,147206.82,Completed,,2026-09-19 11:02:48
RET00822,ORD02677,PROD00158,CUST00115,2026-09-01 01:39:13,1,Incorrect Size,16777.95,Completed,Processed,2026-09-15 11:43:14
RET00823,ORD01520,PROD00106,CUST00235,2026-09-23 21:38:01,2,Changed Mind,911.12,Completed,Failed,2026-09-24 18:34:08
RET00824,ORD04268,PROD00107,CUST00687,2026-09-05 17:53:11,1,,14943.69,Rejected,,2026-09-17 05:52:09
RET00825,ORD01079,PROD00038,CUST00394,2026-08-02 18:37:49,2,Incorrect Size,94515.67,Completed,,2026-08-26 03:21:35
RET00826,ORD01387,PROD00133,CUST00385,2025-06-08 17:40:44,3,Changed Mind,84125.16,Completed,,2026-01-01 07:46:20
RET00827,ORD06104,PROD00113,CUST00777,2025-12-13 09:31:40,4,Quality Issue,157061.8,Rejected,,2026-08-03 01:39:09
RET00828,ORD06326,PROD00064,CUST01000,2026-03-13 20:46:11,2,,63270.51,Completed,,2026-04-05 15:38:10
RET00829,ORD09805,PROD00057,CUST00266,2026-09-07 00:22:53,5,Changed Mind,258472.13,Requested,Pending,2026-09-08 13:44:47
RET00830,ORD09193,PROD00156,CUST00135,2026-02-22 18:08:19,2,Changed Mind,69209.61,Rejected,Pending,2026-07-16 16:40:30
RET00831,ORD04235,PROD00090,CUST00380,2026-09-03 23:37:18,1,,9941.69,Rejected,Processed,2026-09-18 19:10:22
RET00832,ORD08142,PROD00139,CUST00673,2025-11-16 10:11:20,4,Wrong Item,162876.69,Completed,,2025-11-28 05:57:56
RET00833,ORD08594,PROD00174,CUST00827,2026-03-03 21:31:32,2,Incorrect Size,32070.26,Requested,Failed,2026-04-27 00:25:44
RET00834,ORD03796,PROD00027,CUST00454,2026-03-30 13:19:28,1,Damaged,23239.09,Approved,Failed,2026-06-21 05:31:51
RET00835,ORD09977,PROD00040,CUST00194,2026-06-27 18:08:33,1,Incorrect Size,28014.33,Approved,Processed,2026-09-11 23:44:42
RET00836,ORD07384,PROD00090,CUST00647,2026-07-27 06:39:41,4,Incorrect Size,41314.83,Requested,Pending,2026-09-14 19:17:03
RET00837,ORD08054,PROD_INVALID,CUST00321,2026-09-24 06:36:08,1,Quality Issue,507.22,Rejected,Pending,2026-09-24 16:50:56
RET00838,ORD02178,PROD00111,CUST00191,2026-08-25 02:20:33,1,,16707.51,Requested,Failed,2026-09-20 06:01:30
RET00839,ORD06941,PROD00085,CUST00768,2026-01-24 05:18:38,2,Incorrect Size,67596.19,Requested,,2026-05-14 03:37:18
RET00840,ORD03478,PROD00137,CUST00550,2026-09-06 08:10:02,3,Incorrect Size,34531.93,Requested,,2026-09-13 05:24:21
RET00841,ORD02627,PROD00187,CUST00639,2026-09-12 15:30:22,1,,5133.39,Requested,Failed,2026-09-13 02:18:58
RET00842,ORD01152,PROD00177,CUST00224,2025-11-16 09:14:54,1,Changed Mind,36669.36,Rejected,Failed,2026-01-22 08:06:53
RET00843,ORD07002,PROD00011,CUST00885,2026-08-06 01:38:36,1,Changed Mind,4905.47,Completed,Failed,2026-08-21 17:01:14
RET00844,ORD00440,PROD00182,CUST00419,2026-09-04 20:05:09,2,Changed Mind,50322.34,Requested,,2026-09-07 22:16:05
RET00845,ORD02794,PROD00010,CUST00874,2026-03-21 02:45:15,2,Incorrect Size,12034.32,Rejected,Pending,2026-04-02 23:01:28
RET00846,ORD06775,PROD00151,CUST00091,2026-09-12 08:26:02,2,Damaged,34387.09,Approved,Processed,2026-09-16 16:28:24
RET00847,ORD01037,PROD00148,CUST00556,2025-12-06 13:23:40,3,Wrong Item,122134.52,Completed,Pending,2026-06-25 08:42:03
RET00848,ORD08160,PROD00185,CUST00378,2026-08-31 07:06:11,1,Wrong Item,42564.36,Requested,Failed,2026-09-18 09:44:43
RET00849,ORD01845,PROD00027,CUST00257,2026-06-07 19:21:41,3,Quality Issue,69904.86,Rejected,Pending,2026-08-18 12:35:23
RET00850,ORD04403,PROD00125,CUST00968,2026-09-20 01:33:56,1,,16151.87,Requested,Processed,2026-09-21 22:02:58
RET00851,ORD00401,PROD00196,CUST00542,2026-01-27 11:42:18,1,Quality Issue,42683.02,Approved,Processed,2026-04-21 05:09:24
RET00852,ORD06188,PROD00100,CUST00731,2026-08-09 04:55:13,3,Incorrect Size,61960.23,Completed,Failed,2026-08-24 18:07:53
RET00853,ORD04757,PROD00182,CUST00387,2026-02-20 14:54:25,1,Damaged,24549.23,Requested,,2026-08-28 01:35:27
RET00854,ORD09959,PROD00192,CUST00384,2026-08-25 17:25:26,1,,38366.0,Approved,Pending,2026-09-01 02:21:43
RET00855,ORD05031,PROD00063,CUST00147,2026-04-05 01:18:50,2,Incorrect Size,3737.47,Completed,Processed,2026-08-23 10:36:40
RET00856,ORD05163,PROD00076,CUST00245,2026-02-17 02:27:30,2,Wrong Item,5049.95,Requested,Pending,2026-04-04 12:52:21
RET00857,ORD02140,PROD00153,CUST00089,2025-10-16 10:42:59,3,Damaged,-20891.69,Approved,Processed,2025-12-26 10:37:01
RET00858,ORD03006,PROD00172,CUST00731,2026-06-17 07:22:30,2,Changed Mind,58134.12,Rejected,Failed,2026-07-13 19:47:27
RET00859,ORD04785,PROD00065,CUST00668,2025-09-12 12:52:08,4,Quality Issue,3789.68,Rejected,Failed,2025-09-29 22:11:55
RET00860,ORD01571,PROD00180,CUST00895,2026-03-09 08:27:11,5,,125635.77,Completed,,2026-06-23 13:40:51
RET00861,ORD06896,PROD00178,CUST00880,2026-07-08 07:17:38,2,Incorrect Size,31066.08,Completed,,2026-08-27 13:03:42
RET00862,ORD03359,PROD00095,CUST00493,2026-02-25 00:03:11,4,Incorrect Size,164410.27,Requested,Processed,2026-07-14 06:09:25
RET00863,ORD04085,PROD00135,CUST00571,2026-09-20 19:05:09,2,Quality Issue,41274.72,Completed,,2026-09-22 07:58:44
RET00864,ORD03646,PROD00080,CUST00400,2025-10-29 14:07:43,1,Damaged,295.12,Rejected,Processed,2026-03-15 10:22:16
RET00865,ORD02392,PROD00198,CUST00515,2026-07-15 09:41:59,4,Quality Issue,56224.08,Completed,Processed,2026-07-19 22:54:56
RET00866,ORD07631,PROD00065,CUST00131,2025-10-29 10:52:59,1,,1073.94,Rejected,,2026-05-05 21:48:19
RET00867,ORD00241,PROD00007,CUST00444,2026-03-15 19:47:17,3,Incorrect Size,35756.68,Requested,,2026-07-22 15:49:14
RET00868,ORD00826,PROD00055,CUST00976,2025-04-21 22:48:06,1,Quality Issue,22096.56,Completed,Failed,2025-10-10 03:57:12
RET00869,ORD08680,PROD00194,CUST00796,2026-09-07 17:52:36,1,Quality Issue,9471.68,Completed,,2026-09-17 09:29:33
RET00870,ORD09689,PROD00045,CUST00237,2026-09-22 22:28:00,1,Changed Mind,18884.95,Approved,Processed,2026-09-23 21:39:18
RET00871,ORD07396,PROD00098,CUST00887,2025-07-11 22:26:03,1,,25159.97,Rejected,Failed,2025-12-21 10:00:24
RET00872,ORD04755,PROD00200,CUST00049,2026-04-04 03:14:42,1,Damaged,26432.9,Requested,,2026-06-28 14:57:55
RET00873,ORD04315,PROD00048,CUST00014,2026-08-23 21:22:00,1,Damaged,11259.65,Approved,,2026-09-02 15:08:27
RET00874,ORD04433,PROD00061,CUST00217,2026-05-18 02:04:21,1,Damaged,437.86,Requested,,2026-06-21 13:30:58
RET00875,ORD02461,PROD00041,CUST00832,2026-08-29 01:23:47,4,Wrong Item,155660.6,Completed,Pending,2026-08-29 09:56:09
RET00876,ORD06987,PROD00173,CUST00196,2025-10-28 09:18:11,3,Incorrect Size,114605.59,Rejected,,2026-03-27 05:59:31
RET00877,ORD01249,PROD00015,CUST00589,2025-08-15 12:10:33,1,Incorrect Size,16826.29,Rejected,,2026-05-08 04:06:26
RET00878,ORD00731,PROD00008,CUST01000,2026-04-01 18:58:08,3,Incorrect Size,139824.38,Requested,Processed,2026-04-07 11:52:01
RET00879,ORD01428,PROD00049,CUST00950,2026-06-28 16:55:05,2,Incorrect Size,52698.97,Completed,,2026-07-09 13:47:19
RET00880,ORD08031,PROD00183,CUST00932,2025-10-22 05:42:36,1,Changed Mind,6754.6,Approved,Failed,2025-12-04 10:49:46
RET00881,ORD06105,PROD00171,CUST00459,2026-09-21 22:12:56,1,Quality Issue,47339.22,Approved,Pending,2026-09-22 04:39:54
RET00882,ORD07313,PROD00070,CUST00889,2026-07-01 09:40:16,2,Damaged,51586.15,Rejected,,2026-07-28 16:19:11
RET00883,ORD01382,PROD00058,CUST00991,2026-07-05 20:57:45,1,Wrong Item,19742.09,Requested,,2026-09-20 00:37:15
RET00884,ORD05961,PROD00187,CUST00134,2025-03-21 18:57:07,1,Incorrect Size,5026.68,Requested,Failed,2026-03-04 04:27:39
RET00885,ORD00133,PROD00055,CUST00607,2025-07-01 22:09:35,2,,53603.46,Rejected,Processed,2025-10-04 15:23:58
RET00886,ORD09944,PROD00184,CUST00878,2026-08-20 14:08:42,1,Incorrect Size,43858.12,Approved,Processed,2026-09-15 23:56:36
RET00887,ORD00941,PROD00030,CUST00088,2026-08-12 18:49:19,3,,11455.33,Requested,,2026-09-17 19:23:10
RET00888,ORD08803,PROD00064,CUST00504,2026-07-23 11:22:34,2,Wrong Item,80026.7,Completed,,2026-08-10 15:53:08
RET00889,ORD05540,PROD00047,CUST00494,2025-09-10 14:26:38,1,Incorrect Size,10666.96,Approved,Pending,2025-09-21 09:35:54
RET00890,ORD07345,PROD00171,CUST00072,2026-07-24 02:32:12,1,Wrong Item,46723.24,Completed,Failed,2026-09-08 19:28:29
RET00891,ORD04630,PROD00108,CUST00820,2026-06-10 01:42:13,1,Wrong Item,38807.26,Requested,,2026-09-03 01:36:15
RET00892,ORD03276,PROD00017,CUST00057,2025-08-10 10:56:00,1,Damaged,4024.42,Rejected,Failed,2026-03-22 13:09:59
RET00893,ORD05029,PROD00008,CUST00032,2026-06-15 21:14:36,2,Incorrect Size,98137.88,Rejected,Pending,2026-07-10 05:43:16
RET00894,ORD07219,PROD00049,CUST00748,2026-01-09 09:03:07,2,Changed Mind,55805.8,Requested,Processed,2026-06-15 07:31:50
RET00895,ORD07170,PROD00084,CUST00771,2026-05-06 21:29:44,4,Changed Mind,131309.99,Completed,Processed,2026-07-26 13:15:33
RET00896,ORD08360,PROD00064,CUST00463,2025-07-15 03:27:27,3,Incorrect Size,95006.87,Rejected,Pending,2026-05-06 10:34:19
RET00897,ORD09328,PROD00045,CUST00030,2026-07-27 00:02:28,2,Quality Issue,36425.67,Approved,Processed,2026-08-07 09:10:27
RET00898,ORD07884,PROD00041,CUST00648,2026-08-29 21:59:38,1,,44868.61,Requested,Pending,2026-09-10 23:54:31
RET00899,ORD07408,PROD00183,CUST00484,2026-09-23 22:46:32,5,Quality Issue,34293.29,Rejected,Pending,2026-09-24 09:22:31
RET00900,ORD07118,PROD00147,CUST00069,2025-12-03 12:59:45,2,Damaged,68697.14,Requested,,2026-07-29 18:46:28
RET00901,ORD06658,PROD00165,CUST00806,2026-05-24 03:37:12,3,Wrong Item,16460.75,Rejected,Failed,2026-06-29 15:34:40
RET00902,ORD09491,PROD00151,CUST00640,2026-05-15 19:22:46,2,Wrong Item,34011.7,Completed,Failed,2026-07-07 10:39:14
RET00903,ORD01748,PROD00022,CUST00202,2026-08-10 03:54:45,1,Quality Issue,32933.71,Rejected,Pending,2026-08-27 07:05:06
RET00904,ORD06516,PROD00180,CUST00962,2026-03-25 13:30:49,2,Damaged,48373.11,Completed,Failed,2026-09-21 20:22:44
RET00905,ORD00196,PROD00195,CUST00632,2026-09-24 04:27:51,3,,36933.91,Approved,,2026-09-24 21:31:07
RET00906,ORD01911,PROD00078,CUST00178,2026-09-09 07:43:27,5,Damaged,171010.51,Requested,,2026-09-20 09:44:38
RET00907,ORD09009,PROD00092,CUST00516,2026-01-10 10:36:42,1,Wrong Item,11066.35,Requested,,2026-03-10 12:21:18
RET00908,ORD00912,PROD00151,CUST00372,2025-07-18 17:17:44,4,Wrong Item,78235.99,Approved,,2025-09-09 19:56:05
RET00909,ORD08594,PROD00174,CUST00827,2026-08-01 16:17:11,1,Incorrect Size,16035.13,Requested,Processed,2026-09-06 21:29:33
RET00910,ORD03410,PROD00098,CUST00850,2025-09-06 20:57:27,3,Changed Mind,84588.05,Requested,Pending,2026-08-08 04:55:50
RET00911,ORD04177,PROD00101,CUST00699,2025-11-13 03:39:58,1,Incorrect Size,2458.17,Approved,,2026-01-17 17:10:18
RET00912,ORD00995,PROD00035,CUST00147,2026-03-31 11:44:38,1,Incorrect Size,6971.36,Approved,Pending,2026-09-08 19:42:49
RET00913,ORD09569,PROD00183,CUST00534,2026-09-21 22:53:47,3,Damaged,18381.3,Rejected,Failed,2026-09-23 15:58:14
RET00914,ORD09661,PROD00042,CUST00210,2026-08-28 16:47:59,1,Wrong Item,22429.1,Approved,Processed,2026-09-15 03:40:34
RET00915,ORD03615,PROD00148,CUST00676,2025-10-01 05:55:36,3,Changed Mind,128483.87,Approved,Processed,2026-07-07 07:32:31
RET00916,ORD01140,PROD00100,CUST00957,2026-02-06 21:48:34,1,Quality Issue,21248.23,Requested,Processed,2026-08-03 01:56:58
RET00917,ORD08050,PROD00073,CUST00238,2025-12-10 16:35:41,2,,49507.49,Rejected,,2026-06-23 06:46:14
RET00918,ORD06027,PROD00015,CUST00356,2026-03-18 12:16:23,1,Quality Issue,17947.79,Completed,Processed,2026-05-09 02:20:26
RET00919,ORD05280,PROD00020,CUST00538,2025-08-18 09:59:21,1,Quality Issue,35852.65,Completed,Processed,2026-09-12 00:53:05
RET00920,ORD06536,PROD00046,CUST00887,2026-08-07 22:45:44,4,Changed Mind,114032.28,Completed,Processed,2026-08-22 07:43:52
RET00921,ORD03163,PROD00062,CUST00185,2026-07-27 04:45:53,1,,16507.04,Approved,Failed,2026-09-15 14:29:13
RET00922,ORD09110,PROD00001,CUST00886,2025-05-02 21:06:03,1,Damaged,26932.93,Completed,,2026-03-14 03:34:22
RET00923,ORD06206,PROD00021,CUST00442,2025-11-17 05:10:51,4,,179501.95,Approved,Pending,2026-04-12 18:32:27
RET00924,ORD02083,PROD00011,CUST00340,2026-08-12 20:43:15,1,Incorrect Size,5402.33,Completed,Processed,2026-08-16 08:18:48
RET00925,ORD06811,PROD00199,CUST00237,2026-01-27 18:55:37,1,Incorrect Size,22944.3,Approved,Processed,2026-08-31 02:33:46
RET00926,ORD01791,PROD00139,CUST00602,2026-02-11 17:42:04,2,Quality Issue,81747.68,Approved,Failed,2026-06-01 09:24:59
RET00927,ORD00606,PROD00153,CUST00588,2025-07-18 07:54:09,1,Quality Issue,16673.72,Rejected,,2026-02-08 14:28:32
RET00928,ORD09258,PROD00081,CUST00940,2026-04-24 17:00:16,3,Quality Issue,12490.69,Approved,Processed,2026-09-02 12:10:44
RET00929,ORD09084,PROD00102,CUST00970,2025-05-26 20:17:35,1,Wrong Item,23233.26,Approved,Failed,2026-03-01 10:38:33
RET00930,ORD05803,PROD00072,CUST_INVALID,2026-09-08 06:39:23,2,Wrong Item,22338.1,Approved,Failed,2026-09-15 21:39:18
RET00931,ORD05012,PROD00080,CUST00327,2026-07-06 11:16:27,1,Wrong Item,226.45,Requested,Failed,2026-07-27 10:36:55
RET00932,ORD03868,PROD00008,CUST00682,2025-12-14 02:19:05,1,,44196.58,Approved,,2026-06-10 23:23:46
RET00933,ORD01447,PROD00114,CUST00633,2026-03-07 00:46:22,2,Incorrect Size,6332.39,Approved,Pending,2026-05-13 15:38:59
RET00934,ORD00549,PROD00069,CUST00713,2026-07-21 19:47:30,3,Quality Issue,1023.24,Rejected,Failed,2026-08-01 15:41:33
RET00935,ORD02779,PROD00006,CUST00570,2026-08-01 02:08:40,3,Incorrect Size,59637.24,Completed,Processed,2026-09-22 21:17:42
RET00936,ORD06290,PROD00076,CUST00470,2026-08-02 17:40:29,1,Incorrect Size,2743.54,Requested,,2026-09-23 02:07:54
RET00937,ORD08166,PROD00041,CUST00515,2026-09-22 12:31:33,2,Changed Mind,92416.45,Rejected,,2026-09-23 14:55:13
RET00938,ORD00761,PROD00178,CUST00159,2026-07-07 08:56:20,3,Incorrect Size,44220.22,Rejected,Processed,2026-07-26 00:33:17
RET00939,ORD05011,PROD00057,CUST00323,2026-02-03 09:29:29,1,Quality Issue,41438.89,Approved,,2026-08-18 23:39:58
RET00940,ORD05605,PROD00045,CUST00424,2026-02-04 22:21:58,5,Incorrect Size,90407.45,Rejected,Pending,2026-03-11 09:13:47
RET00941,ORD03255,PROD00162,CUST00896,2025-09-22 02:41:56,4,Wrong Item,178876.37,Completed,Failed,2026-01-18 07:30:53
RET00942,ORD02171,PROD00194,CUST00711,2026-09-11 17:02:37,4,Changed Mind,33435.92,Rejected,,2026-09-18 18:00:49
RET00943,ORD07226,PROD00122,CUST00436,2026-08-25 13:56:12,4,Wrong Item,28184.75,Approved,Processed,2026-09-09 14:47:22
RET00944,ORD04507,PROD00108,CUST00514,2025-10-19 14:43:57,2,,83783.33,Completed,Failed,2025-10-23 20:14:50
RET00945,ORD00147,PROD00154,CUST00702,2026-02-18 18:22:23,1,Wrong Item,43939.99,Approved,Pending,2026-07-17 19:14:15
RET00946,ORD05959,PROD00076,CUST00640,2026-05-06 14:57:25,1,Wrong Item,3094.01,Rejected,,2026-05-24 06:51:23
RET00947,ORD01455,PROD00189,CUST00173,2026-08-01 23:01:21,1,Incorrect Size,13907.61,Completed,Pending,2026-08-21 03:28:47
RET00948,ORD09001,PROD00109,CUST00400,2026-09-12 18:41:45,1,Incorrect Size,48305.5,Requested,Processed,2026-09-17 23:30:22
RET00949,ORD05115,PROD00139,CUST00881,2025-06-18 18:34:20,1,Wrong Item,38190.21,Approved,Processed,2026-05-11 23:17:08
RET00950,ORD09734,PROD00195,CUST00891,2025-01-24 14:21:46,1,Wrong Item,12692.65,Requested,,2025-09-18 04:53:29
RET00951,ORD07797,PROD00124,CUST00105,2026-05-31 12:23:17,1,Changed Mind,39121.84,Requested,,2026-09-15 15:30:43
RET00952,ORD06454,PROD00049,CUST00307,2026-05-26 10:39:46,1,Quality Issue,29790.03,Requested,Failed,2026-06-11 03:31:57
RET00953,ORD07277,PROD00019,CUST00368,2026-09-03 02:12:34,2,Damaged,5989.79,Rejected,,2026-09-05 20:08:39
RET00954,ORD08005,PROD00053,CUST00367,2025-07-22 22:08:06,4,Incorrect Size,44194.55,Rejected,Pending,2026-08-07 04:44:07
RET00955,ORD03816,PROD00165,CUST00811,2026-08-10 02:23:13,1,Wrong Item,5440.8,Requested,Pending,2026-09-20 03:44:00
RET00956,ORD09898,PROD00104,CUST00452,2026-08-11 06:38:18,1,Wrong Item,27022.85,Completed,Pending,2026-09-20 16:49:28
RET00957,ORD01948,PROD00044,CUST00066,2026-09-04 15:23:40,2,,1188.45,Rejected,Pending,2026-09-24 00:59:17
RET00958,ORD02499,PROD00093,CUST00618,2026-02-13 02:30:53,1,,15639.39,Approved,Failed,2026-08-25 18:44:41
RET00959,ORD00904,PROD00047,CUST00614,2026-01-24 01:03:33,1,Damaged,10991.58,Approved,Processed,2026-02-28 22:45:42
RET00960,ORD06951,PROD00074,CUST00786,2026-08-19 15:59:18,1,Quality Issue,21669.84,Approved,,2026-09-04 02:52:46
RET00961,ORD00879,PROD00092,CUST00841,2026-09-19 14:40:41,1,Changed Mind,-11889.23,Approved,,2026-09-19 22:10:21
RET00962,ORD08552,PROD00155,CUST00619,2026-07-02 11:00:12,1,Quality Issue,589.4,Requested,,2026-07-27 01:11:51
RET00963,ORD06295,PROD00087,CUST00796,2026-03-31 23:47:13,1,Quality Issue,7407.62,Rejected,Pending,2026-07-28 00:34:18
RET00964,ORD05597,PROD00066,CUST00659,2026-06-28 12:09:45,3,Changed Mind,9581.64,Completed,,2026-08-29 02:08:40
RET00965,ORD08392,PROD00070,CUST00457,2026-04-13 20:54:28,2,Damaged,60950.21,Completed,Failed,2026-08-31 08:40:42
RET00966,ORD02885,PROD00142,CUST00418,2026-08-31 19:52:00,1,Wrong Item,45009.85,Requested,,2026-09-11 15:09:18
RET00967,ORD07955,PROD00127,CUST00197,2025-10-20 21:19:10,2,Wrong Item,16127.62,Rejected,Failed,2026-01-30 08:50:38
RET00968,ORD09536,PROD00039,CUST00739,2026-08-23 16:00:12,3,,116292.78,Completed,,2026-09-01 13:50:25
RET00969,ORD07249,PROD00035,CUST00461,2025-11-09 14:09:48,1,Quality Issue,7996.96,Rejected,Failed,2026-04-16 21:31:32
RET00970,ORD06578,PROD00009,CUST00465,2026-06-05 03:58:02,1,Incorrect Size,17269.78,Completed,Processed,2026-06-27 20:45:13
RET00971,ORD05823,PROD00092,CUST00304,2026-03-04 16:58:49,1,Damaged,12271.58,Requested,,2026-03-23 02:13:28
RET00972,ORD07563,PROD00137,CUST00471,2026-08-24 13:00:40,2,Incorrect Size,23310.15,Approved,Failed,2026-08-25 00:56:26
RET00973,ORD03040,PROD00042,CUST00635,2026-06-21 03:12:53,6,Wrong Item,156551.34,Rejected,Processed,2026-07-07 22:26:47
RET00974,ORD02927,PROD00058,CUST00584,2026-03-29 16:52:45,1,Changed Mind,20402.41,Rejected,Pending,2026-06-18 06:19:21
RET00975,ORD01950,PROD00150,CUST00510,2026-05-25 14:18:10,3,Wrong Item,50973.67,Rejected,,2026-09-01 15:23:49
RET00976,ORD00165,PROD00012,CUST00781,2025-08-04 16:39:52,1,Damaged,48558.69,Requested,Failed,2026-03-28 17:50:57
RET00977,ORD07575,PROD00055,CUST00993,2025-10-23 11:52:27,2,Changed Mind,56895.81,Approved,Pending,2026-07-24 03:46:37
RET00978,ORD02469,PROD00183,CUST00052,2026-06-04 15:42:09,1,Quality Issue,-10964.57,Requested,Processed,2026-08-27 01:58:21
RET00979,ORD06079,PROD00109,CUST00093,2026-08-16 06:03:31,2,Damaged,98410.11,Completed,Pending,2026-09-11 05:12:51
RET00980,ORD06010,PROD00157,CUST00325,2026-02-02 14:03:11,1,Incorrect Size,23685.24,Completed,,2026-06-13 06:09:10
RET00981,ORD04960,PROD00180,CUST00250,2025-11-30 22:45:30,1,,28719.92,Completed,,2026-05-31 19:55:52
RET00982,ORD07957,PROD00070,CUST00849,2026-09-07 19:45:16,1,Wrong Item,30783.29,Completed,Failed,2026-09-22 00:19:17
RET00983,ORD05909,PROD00127,CUST00110,2026-02-05 21:11:58,1,Damaged,7555.39,Completed,,2026-02-09 04:38:54
RET00984,ORD07003,PROD00010,CUST00191,2026-08-14 07:53:09,1,Wrong Item,6079.2,Completed,Pending,2026-08-27 17:29:20
RET00985,ORD03486,PROD00014,CUST00966,2026-09-04 19:07:57,2,,64248.04,Rejected,Pending,2026-09-22 03:05:26
RET00986,ORD08040,PROD00089,CUST00112,2026-04-25 17:42:05,1,Damaged,15146.39,Completed,Failed,2026-09-23 20:57:18
RET00987,ORD06279,PROD00157,CUST00874,2026-06-27 19:21:38,2,,44325.06,Requested,Processed,2026-07-31 23:28:39
RET00988,ORD06182,PROD00006,CUST00078,2025-08-29 16:51:34,3,Changed Mind,57364.03,Rejected,Processed,2025-09-21 09:51:35
RET00989,ORD02842,PROD00120,CUST00371,2026-08-09 20:07:22,3,Damaged,97645.37,Completed,Pending,2026-09-09 21:30:23
RET00990,ORD02773,PROD00131,CUST00493,2026-01-21 03:56:10,3,Quality Issue,13915.32,Approved,Pending,2026-08-27 16:23:20
RET00991,ORD06305,PROD00034,CUST00360,2026-04-09 23:27:30,1,Damaged,36083.67,Requested,Failed,2026-07-06 09:41:52
RET00992,ORD05779,PROD00055,CUST00283,2026-01-16 06:49:41,1,Wrong Item,25556.03,Approved,Pending,2026-04-01 22:09:44
RET00993,ORD05735,PROD00091,CUST00844,2026-06-27 22:07:59,1,Incorrect Size,37877.61,Requested,,2026-07-16 10:29:23
RET00994,ORD07347,PROD00133,CUST00509,2026-03-13 08:31:21,2,Damaged,54487.62,Approved,Processed,2026-07-13 17:17:35
RET00995,ORD02492,PROD00169,CUST00590,2026-04-29 00:48:28,3,Damaged,15783.91,Approved,Processed,2026-05-02 08:24:08
RET00996,ORD08870,PROD00035,CUST00725,2026-07-20 14:20:54,1,Incorrect Size,6220.93,Rejected,Processed,2026-08-07 15:52:30
RET00997,ORD02977,PROD00059,CUST00656,2026-01-04 23:36:31,1,,12340.44,Rejected,Pending,2026-07-25 23:50:24
RET00998,ORD03574,PROD00124,CUST00939,2026-09-06 07:55:29,1,Wrong Item,41112.02,Rejected,Processed,2026-09-23 11:46:44
RET00999,ORD03671,PROD00170,CUST00026,2026-06-06 10:41:49,2,Incorrect Size,91503.71,Rejected,Failed,2026-08-31 18:51:12
RET01000,ORD02840,PROD00006,CUST00705,2025-11-22 15:00:57,1,,16425.47,Approved,Failed,2026-06-06 18:06:16
RET00063,ORD05294,PROD00045,CUST00871,2026-08-13 20:36:31,4,Quality Issue,89310.02,Requested,Pending,2026-08-27 05:51:47
RET00955,ORD03816,PROD00165,CUST00811,2026-08-10 02:23:13,1,Wrong Item,5440.8,Requested,Pending,2026-09-20 03:44:00
RET00822,ORD02677,PROD00158,CUST00115,2026-09-01 01:39:13,1,Incorrect Size,16777.95,Completed,Processed,2026-09-15 11:43:14
RET00342,ORD04599,PROD00045,CUST00293,2025-12-09 07:58:21,1,Damaged,18925.94,Completed,Failed,2026-04-18 13:44:01
RET00672,ORD01136,PROD00080,CUST00059,2026-06-21 09:57:03,2,Incorrect Size,489.51,Requested,Failed,2026-08-06 01:37:17
RET00338,ORD01134,PROD00040,CUST00380,2026-08-04 01:11:11,4,Wrong Item,112914.66,Approved,Failed,2026-09-09 04:53:20
RET00521,ORD01515,PROD00134,CUST00790,2026-06-29 01:12:53,3,Wrong Item,29438.83,Requested,Pending,2026-07-06 01:22:46
RET00667,ORD07961,PROD00109,CUST00957,2026-09-05 11:40:43,2,Damaged,92438.52,Requested,,2026-09-06 18:24:04
RET00486,ORD03014,PROD00113,CUST00451,2026-08-28 15:55:17,1,Incorrect Size,39680.57,Rejected,Pending,2026-09-13 03:35:47
RET00470,ORD05550,PROD00031,CUST00621,2026-01-15 15:28:09,1,,37917.94,Approved,,2026-03-12 12:41:53
RET00595,ORD00561,PROD00009,CUST00609,2025-09-14 08:23:20,4,Changed Mind,60295.94,Completed,Pending,2026-07-19 04:01:47
RET00483,ORD03061,PROD00121,CUST00945,2025-08-20 10:00:18,1,Changed Mind,42447.85,Approved,Pending,2025-10-01 08:15:49
RET00989,ORD02842,PROD00120,CUST00371,2026-08-09 20:07:22,3,Damaged,97645.37,Completed,Pending,2026-09-09 21:30:23
RET00509,ORD04243,PROD00045,CUST00819,2026-05-29 11:51:14,1,Quality Issue,-42934.29,Requested,Pending,2026-07-09 13:00:32
RET00955,ORD03816,PROD00165,CUST00811,2026-08-10 02:23:13,1,Wrong Item,5440.8,Requested,Pending,2026-09-20 03:44:00
RET00417,ORD00704,PROD00114,CUST00301,2026-09-05 01:38:26,1,,3208.36,Requested,Pending,2026-09-16 05:31:11
RET00279,ORD07614,PROD00172,CUST00023,2025-08-31 06:24:12,2,Wrong Item,63735.1,Approved,,2025-10-09 13:35:38
RET00754,ORD08091,PROD00178,CUST00682,2026-05-08 05:55:30,1,Changed Mind,16031.47,Rejected,Pending,2026-06-07 09:07:51
RET00612,ORD08615,PROD00072,CUST00557,2026-08-04 15:58:41,3,Damaged,34542.91,Requested,Pending,2026-08-30 02:54:28
RET00933,ORD01447,PROD00114,CUST00633,2026-03-07 00:46:22,2,Incorrect Size,6332.39,Approved,Pending,2026-05-13 15:38:59
